[
  {
    "name": "_1QZUGPEZK6FBQ1UH8SH1OZGU5D",
    "uri": "/dataTables/dataSources/cas~fs~cas-shared-default~fs~ModelStore/tables/_1QZUGPEZK6FBQ1UH8SH1OZGU5D",
    "key": "DC21E56A9DF5CDC98053F6FC2E65102885E420CA",
    "caslib": "ModelStore",
    "location": "file:///models/astores/viya/_1QZUGPEZK6FBQ1UH8SH1OZGU5D.astore",
    "host": "sas-launcher-0a140661-2378-42bc-8d32-26f436e58cc3-9l984",
    "fullPath": "/opt/sas/viya/config/data/modelsvr/astore/_1QZUGPEZK6FBQ1UH8SH1OZGU5D.astore",
    "state": "success"
  }
]