{
  "product" : "DMCAS",
  "project" : "013c9d07-89e6-40e6-87f1-b8c2a1e729e6",
  "target" : {
    "name" : "BAD",
    "level" : "BINARY",
    "format" : "",
    "order" : "",
    "label" : "",
    "event" : "           1",
    "SASJSONExport" : "1.0 PRETTY",
    "SASTableData+DMCAS_TARGETLEVEL" : [ {
      "_TYPE_" : "",
      "resourceId" : "19a85996-ac01-4387-a030-f0c2b5a1beba",
      "id" : "013c9d07-89e6-40e6-87f1-b8c2a1e729e6",
      "_predictedvar_" : "I_BAD",
      "_variable_" : "BAD",
      "_rawchar_" : "",
      "_cfmt_" : "",
      "_label_" : "Into: BAD",
      "_event_flag_" : "N",
      "revision" : 0
    }, {
      "_TYPE_" : "",
      "resourceId" : "837fee1c-fc33-4abf-8a3a-e3c7e888f62c",
      "id" : "013c9d07-89e6-40e6-87f1-b8c2a1e729e6",
      "_predictedvar_" : "P_BAD1",
      "_variable_" : "BAD",
      "_index_" : 1,
      "_freq_" : 476,
      "freqPercent" : 19.991600168,
      "nmissPercent" : 19.991600168,
      "_rawnum_" : 1,
      "_rawchar_" : "",
      "_cfmt_" : "           1",
      "_label_" : "Predicted: BAD=1",
      "_event_flag_" : "Y",
      "revision" : 0
    }, {
      "_TYPE_" : "",
      "resourceId" : "13d77137-4d89-483d-8b9b-22dd280b7b8d",
      "id" : "013c9d07-89e6-40e6-87f1-b8c2a1e729e6",
      "_predictedvar_" : "P_BAD0",
      "_variable_" : "BAD",
      "_index_" : 2,
      "_freq_" : 1905,
      "freqPercent" : 80.008399832,
      "nmissPercent" : 80.008399832,
      "_rawnum_" : 0,
      "_rawchar_" : "",
      "_cfmt_" : "           0",
      "_label_" : "Predicted: BAD=0",
      "_event_flag_" : "N",
      "revision" : 0
    } ]
  }
}