{
  "creationTimeStamp" : "0001-01-01T00:00:00Z",
  "modifiedTimeStamp" : "0001-01-01T00:00:00Z",
  "revision" : 0,
  "name" : "dmcas_misc",
  "version" : 0,
  "order" : 0,
  "parameterMap" : {
    "CorrectText" : {
      "label" : "Status",
      "length" : 12,
      "order" : 8,
      "parameter" : "CorrectText",
      "preformatted" : false,
      "type" : "char",
      "values" : [ "CorrectText" ]
    },
    "Outcome" : {
      "label" : "Predicted Outcome",
      "length" : 256,
      "order" : 6,
      "parameter" : "Outcome",
      "preformatted" : false,
      "type" : "char",
      "values" : [ "Outcome" ]
    },
    "OutcomeText" : {
      "label" : "Predicted Outcome (Event/NonEvent)",
      "length" : 12,
      "order" : 7,
      "parameter" : "OutcomeText",
      "preformatted" : false,
      "type" : "char",
      "values" : [ "OutcomeText" ]
    },
    "Target" : {
      "label" : "Target",
      "length" : 256,
      "order" : 4,
      "parameter" : "Target",
      "preformatted" : false,
      "type" : "char",
      "values" : [ "Target" ]
    },
    "TargetText" : {
      "label" : "Target (Event/NonEvent)",
      "length" : 12,
      "order" : 5,
      "parameter" : "TargetText",
      "preformatted" : false,
      "type" : "char",
      "values" : [ "TargetText" ]
    },
    "_Count_" : {
      "label" : "Count",
      "length" : 8,
      "order" : 10,
      "parameter" : "_Count_",
      "preformatted" : false,
      "type" : "num",
      "values" : [ "_Count_" ]
    },
    "_DataRole_" : {
      "label" : "Data Role",
      "length" : 10,
      "order" : 11,
      "parameter" : "_DataRole_",
      "preformatted" : false,
      "type" : "char",
      "values" : [ "_DataRole_" ]
    },
    "_Percent_" : {
      "label" : "Percent",
      "length" : 8,
      "order" : 9,
      "parameter" : "_Percent_",
      "preformatted" : false,
      "type" : "num",
      "values" : [ "_Percent_" ]
    },
    "_TargetName_" : {
      "label" : "Target Name",
      "length" : 3,
      "order" : 1,
      "parameter" : "_TargetName_",
      "preformatted" : false,
      "type" : "char",
      "values" : [ "_TargetName_" ]
    },
    "_cutoffSource_" : {
      "label" : "Cutoff Source",
      "length" : 8,
      "order" : 3,
      "parameter" : "_cutoffSource_",
      "preformatted" : false,
      "type" : "char",
      "values" : [ "_cutoffSource_" ]
    },
    "_cutoff_" : {
      "label" : "Cutoff",
      "length" : 8,
      "order" : 2,
      "parameter" : "_cutoff_",
      "preformatted" : false,
      "type" : "num",
      "values" : [ "_cutoff_" ]
    }
  },
  "data" : [ {
    "dataMap" : {
      "CorrectText" : "Correct",
      "Outcome" : "           1",
      "OutcomeText" : "Event",
      "Target" : "           1",
      "TargetText" : "Event",
      "_Count_" : "40",
      "_DataRole_" : "TEST",
      "_Percent_" : "83.3333333333",
      "_TargetName_" : "BAD",
      "_cutoffSource_" : "KS",
      "_cutoff_" : "0.27"
    },
    "rowNumber" : 1
  }, {
    "dataMap" : {
      "CorrectText" : "Incorrect",
      "Outcome" : "           0",
      "OutcomeText" : "NEvent",
      "Target" : "           1",
      "TargetText" : "Event",
      "_Count_" : "8",
      "_DataRole_" : "TEST",
      "_Percent_" : "16.6666666667",
      "_TargetName_" : "BAD",
      "_cutoffSource_" : "KS",
      "_cutoff_" : "0.27"
    },
    "rowNumber" : 2
  }, {
    "dataMap" : {
      "CorrectText" : "Correct",
      "Outcome" : "           0",
      "OutcomeText" : "NEvent",
      "Target" : "           0",
      "TargetText" : "NEvent",
      "_Count_" : "175",
      "_DataRole_" : "TEST",
      "_Percent_" : "91.6230366492",
      "_TargetName_" : "BAD",
      "_cutoffSource_" : "KS",
      "_cutoff_" : "0.27"
    },
    "rowNumber" : 3
  }, {
    "dataMap" : {
      "CorrectText" : "Incorrect",
      "Outcome" : "           1",
      "OutcomeText" : "Event",
      "Target" : "           0",
      "TargetText" : "NEvent",
      "_Count_" : "16",
      "_DataRole_" : "TEST",
      "_Percent_" : "8.37696335079",
      "_TargetName_" : "BAD",
      "_cutoffSource_" : "KS",
      "_cutoff_" : "0.27"
    },
    "rowNumber" : 4
  }, {
    "dataMap" : {
      "CorrectText" : "Correct",
      "Outcome" : "           1",
      "OutcomeText" : "Event",
      "Target" : "           1",
      "TargetText" : "Event",
      "_Count_" : "30",
      "_DataRole_" : "TEST",
      "_Percent_" : "62.5",
      "_TargetName_" : "BAD",
      "_cutoffSource_" : "Default",
      "_cutoff_" : "0.5"
    },
    "rowNumber" : 5
  }, {
    "dataMap" : {
      "CorrectText" : "Incorrect",
      "Outcome" : "           0",
      "OutcomeText" : "NEvent",
      "Target" : "           1",
      "TargetText" : "Event",
      "_Count_" : "18",
      "_DataRole_" : "TEST",
      "_Percent_" : "37.5",
      "_TargetName_" : "BAD",
      "_cutoffSource_" : "Default",
      "_cutoff_" : "0.5"
    },
    "rowNumber" : 6
  }, {
    "dataMap" : {
      "CorrectText" : "Correct",
      "Outcome" : "           0",
      "OutcomeText" : "NEvent",
      "Target" : "           0",
      "TargetText" : "NEvent",
      "_Count_" : "185",
      "_DataRole_" : "TEST",
      "_Percent_" : "96.8586387435",
      "_TargetName_" : "BAD",
      "_cutoffSource_" : "Default",
      "_cutoff_" : "0.5"
    },
    "rowNumber" : 7
  }, {
    "dataMap" : {
      "CorrectText" : "Incorrect",
      "Outcome" : "           1",
      "OutcomeText" : "Event",
      "Target" : "           0",
      "TargetText" : "NEvent",
      "_Count_" : "6",
      "_DataRole_" : "TEST",
      "_Percent_" : "3.14136125654",
      "_TargetName_" : "BAD",
      "_cutoffSource_" : "Default",
      "_cutoff_" : "0.5"
    },
    "rowNumber" : 8
  }, {
    "dataMap" : {
      "CorrectText" : "Correct",
      "Outcome" : "           1",
      "OutcomeText" : "Event",
      "Target" : "           1",
      "TargetText" : "Event",
      "_Count_" : "248",
      "_DataRole_" : "TRAIN",
      "_Percent_" : "87.0175438596",
      "_TargetName_" : "BAD",
      "_cutoffSource_" : "KS",
      "_cutoff_" : "0.2"
    },
    "rowNumber" : 9
  }, {
    "dataMap" : {
      "CorrectText" : "Incorrect",
      "Outcome" : "           0",
      "OutcomeText" : "NEvent",
      "Target" : "           1",
      "TargetText" : "Event",
      "_Count_" : "37",
      "_DataRole_" : "TRAIN",
      "_Percent_" : "12.9824561404",
      "_TargetName_" : "BAD",
      "_cutoffSource_" : "KS",
      "_cutoff_" : "0.2"
    },
    "rowNumber" : 10
  }, {
    "dataMap" : {
      "CorrectText" : "Correct",
      "Outcome" : "           0",
      "OutcomeText" : "NEvent",
      "Target" : "           0",
      "TargetText" : "NEvent",
      "_Count_" : "1011",
      "_DataRole_" : "TRAIN",
      "_Percent_" : "88.4514435696",
      "_TargetName_" : "BAD",
      "_cutoffSource_" : "KS",
      "_cutoff_" : "0.2"
    },
    "rowNumber" : 11
  }, {
    "dataMap" : {
      "CorrectText" : "Incorrect",
      "Outcome" : "           1",
      "OutcomeText" : "Event",
      "Target" : "           0",
      "TargetText" : "NEvent",
      "_Count_" : "132",
      "_DataRole_" : "TRAIN",
      "_Percent_" : "11.5485564304",
      "_TargetName_" : "BAD",
      "_cutoffSource_" : "KS",
      "_cutoff_" : "0.2"
    },
    "rowNumber" : 12
  }, {
    "dataMap" : {
      "CorrectText" : "Correct",
      "Outcome" : "           1",
      "OutcomeText" : "Event",
      "Target" : "           1",
      "TargetText" : "Event",
      "_Count_" : "176",
      "_DataRole_" : "TRAIN",
      "_Percent_" : "61.7543859649",
      "_TargetName_" : "BAD",
      "_cutoffSource_" : "Default",
      "_cutoff_" : "0.5"
    },
    "rowNumber" : 13
  }, {
    "dataMap" : {
      "CorrectText" : "Incorrect",
      "Outcome" : "           0",
      "OutcomeText" : "NEvent",
      "Target" : "           1",
      "TargetText" : "Event",
      "_Count_" : "109",
      "_DataRole_" : "TRAIN",
      "_Percent_" : "38.2456140351",
      "_TargetName_" : "BAD",
      "_cutoffSource_" : "Default",
      "_cutoff_" : "0.5"
    },
    "rowNumber" : 14
  }, {
    "dataMap" : {
      "CorrectText" : "Correct",
      "Outcome" : "           0",
      "OutcomeText" : "NEvent",
      "Target" : "           0",
      "TargetText" : "NEvent",
      "_Count_" : "1117",
      "_DataRole_" : "TRAIN",
      "_Percent_" : "97.7252843395",
      "_TargetName_" : "BAD",
      "_cutoffSource_" : "Default",
      "_cutoff_" : "0.5"
    },
    "rowNumber" : 15
  }, {
    "dataMap" : {
      "CorrectText" : "Incorrect",
      "Outcome" : "           1",
      "OutcomeText" : "Event",
      "Target" : "           0",
      "TargetText" : "NEvent",
      "_Count_" : "26",
      "_DataRole_" : "TRAIN",
      "_Percent_" : "2.27471566054",
      "_TargetName_" : "BAD",
      "_cutoffSource_" : "Default",
      "_cutoff_" : "0.5"
    },
    "rowNumber" : 16
  }, {
    "dataMap" : {
      "CorrectText" : "Correct",
      "Outcome" : "           1",
      "OutcomeText" : "Event",
      "Target" : "           1",
      "TargetText" : "Event",
      "_Count_" : "115",
      "_DataRole_" : "VALIDATE",
      "_Percent_" : "80.4195804196",
      "_TargetName_" : "BAD",
      "_cutoffSource_" : "KS",
      "_cutoff_" : "0.17"
    },
    "rowNumber" : 17
  }, {
    "dataMap" : {
      "CorrectText" : "Incorrect",
      "Outcome" : "           0",
      "OutcomeText" : "NEvent",
      "Target" : "           1",
      "TargetText" : "Event",
      "_Count_" : "28",
      "_DataRole_" : "VALIDATE",
      "_Percent_" : "19.5804195804",
      "_TargetName_" : "BAD",
      "_cutoffSource_" : "KS",
      "_cutoff_" : "0.17"
    },
    "rowNumber" : 18
  }, {
    "dataMap" : {
      "CorrectText" : "Correct",
      "Outcome" : "           0",
      "OutcomeText" : "NEvent",
      "Target" : "           0",
      "TargetText" : "NEvent",
      "_Count_" : "487",
      "_DataRole_" : "VALIDATE",
      "_Percent_" : "85.288966725",
      "_TargetName_" : "BAD",
      "_cutoffSource_" : "KS",
      "_cutoff_" : "0.17"
    },
    "rowNumber" : 19
  }, {
    "dataMap" : {
      "CorrectText" : "Incorrect",
      "Outcome" : "           1",
      "OutcomeText" : "Event",
      "Target" : "           0",
      "TargetText" : "NEvent",
      "_Count_" : "84",
      "_DataRole_" : "VALIDATE",
      "_Percent_" : "14.711033275",
      "_TargetName_" : "BAD",
      "_cutoffSource_" : "KS",
      "_cutoff_" : "0.17"
    },
    "rowNumber" : 20
  }, {
    "dataMap" : {
      "CorrectText" : "Correct",
      "Outcome" : "           1",
      "OutcomeText" : "Event",
      "Target" : "           1",
      "TargetText" : "Event",
      "_Count_" : "70",
      "_DataRole_" : "VALIDATE",
      "_Percent_" : "48.951048951",
      "_TargetName_" : "BAD",
      "_cutoffSource_" : "Default",
      "_cutoff_" : "0.5"
    },
    "rowNumber" : 21
  }, {
    "dataMap" : {
      "CorrectText" : "Incorrect",
      "Outcome" : "           0",
      "OutcomeText" : "NEvent",
      "Target" : "           1",
      "TargetText" : "Event",
      "_Count_" : "73",
      "_DataRole_" : "VALIDATE",
      "_Percent_" : "51.048951049",
      "_TargetName_" : "BAD",
      "_cutoffSource_" : "Default",
      "_cutoff_" : "0.5"
    },
    "rowNumber" : 22
  }, {
    "dataMap" : {
      "CorrectText" : "Correct",
      "Outcome" : "           0",
      "OutcomeText" : "NEvent",
      "Target" : "           0",
      "TargetText" : "NEvent",
      "_Count_" : "548",
      "_DataRole_" : "VALIDATE",
      "_Percent_" : "95.9719789842",
      "_TargetName_" : "BAD",
      "_cutoffSource_" : "Default",
      "_cutoff_" : "0.5"
    },
    "rowNumber" : 23
  }, {
    "dataMap" : {
      "CorrectText" : "Incorrect",
      "Outcome" : "           1",
      "OutcomeText" : "Event",
      "Target" : "           0",
      "TargetText" : "NEvent",
      "_Count_" : "23",
      "_DataRole_" : "VALIDATE",
      "_Percent_" : "4.02802101576",
      "_TargetName_" : "BAD",
      "_cutoffSource_" : "Default",
      "_cutoff_" : "0.5"
    },
    "rowNumber" : 24
  } ],
  "xInteger" : false,
  "yInteger" : false
}