{
  "creationTimeStamp" : "0001-01-01T00:00:00Z",
  "modifiedTimeStamp" : "0001-01-01T00:00:00Z",
  "revision" : 0,
  "name" : "dmcas_miscTable",
  "version" : 0,
  "order" : 0,
  "parameterMap" : {
    "_Cutoff_" : {
      "label" : "Cutoff",
      "length" : 8,
      "order" : 1,
      "parameter" : "_Cutoff_",
      "preformatted" : false,
      "type" : "num",
      "values" : [ "_Cutoff_" ]
    },
    "_Event_" : {
      "label" : "Event",
      "length" : 256,
      "order" : 5,
      "parameter" : "_Event_",
      "preformatted" : false,
      "type" : "char",
      "values" : [ "_Event_" ]
    },
    "_Response_" : {
      "label" : "Response",
      "length" : 10,
      "order" : 4,
      "parameter" : "_Response_",
      "preformatted" : false,
      "type" : "char",
      "values" : [ "_Response_" ]
    },
    "_TestCount_" : {
      "label" : "Test Frequency",
      "length" : 8,
      "order" : 9,
      "parameter" : "_TestCount_",
      "preformatted" : false,
      "type" : "num",
      "values" : [ "_TestCount_" ]
    },
    "_TestPct_" : {
      "label" : "Test Percentage",
      "length" : 8,
      "order" : 12,
      "parameter" : "_TestPct_",
      "preformatted" : false,
      "type" : "num",
      "values" : [ "_TestPct_" ]
    },
    "_TrainCount_" : {
      "label" : "Training Frequency",
      "length" : 8,
      "order" : 7,
      "parameter" : "_TrainCount_",
      "preformatted" : false,
      "type" : "num",
      "values" : [ "_TrainCount_" ]
    },
    "_TrainPct_" : {
      "label" : "Training Percentage",
      "length" : 8,
      "order" : 10,
      "parameter" : "_TrainPct_",
      "preformatted" : false,
      "type" : "num",
      "values" : [ "_TrainPct_" ]
    },
    "_ValidateCount_" : {
      "label" : "Validation Frequency",
      "length" : 8,
      "order" : 8,
      "parameter" : "_ValidateCount_",
      "preformatted" : false,
      "type" : "num",
      "values" : [ "_ValidateCount_" ]
    },
    "_ValidatePct_" : {
      "label" : "Validation Percentage",
      "length" : 8,
      "order" : 11,
      "parameter" : "_ValidatePct_",
      "preformatted" : false,
      "type" : "num",
      "values" : [ "_ValidatePct_" ]
    },
    "_Value_" : {
      "label" : "Value",
      "length" : 16,
      "order" : 6,
      "parameter" : "_Value_",
      "preformatted" : false,
      "type" : "char",
      "values" : [ "_Value_" ]
    },
    "_cutoffSource_" : {
      "label" : "Cutoff Source",
      "length" : 8,
      "order" : 2,
      "parameter" : "_cutoffSource_",
      "preformatted" : false,
      "type" : "char",
      "values" : [ "_cutoffSource_" ]
    },
    "_targetName_" : {
      "label" : "Target Name",
      "length" : 256,
      "order" : 3,
      "parameter" : "_targetName_",
      "preformatted" : false,
      "type" : "char",
      "values" : [ "_targetName_" ]
    }
  },
  "data" : [ {
    "dataMap" : {
      "_Cutoff_" : "0.17",
      "_Event_" : "           1",
      "_Response_" : "Correct",
      "_ValidateCount_" : "115",
      "_ValidatePct_" : "80.4195804196",
      "_Value_" : "True Positive",
      "_cutoffSource_" : "KS",
      "_targetName_" : "BAD"
    },
    "rowNumber" : 1
  }, {
    "dataMap" : {
      "_Cutoff_" : "0.17",
      "_Event_" : "           1",
      "_Response_" : "Incorrect",
      "_ValidateCount_" : "28",
      "_ValidatePct_" : "19.5804195804",
      "_Value_" : "False Negative",
      "_cutoffSource_" : "KS",
      "_targetName_" : "BAD"
    },
    "rowNumber" : 2
  }, {
    "dataMap" : {
      "_Cutoff_" : "0.17",
      "_Event_" : "           0",
      "_Response_" : "Correct",
      "_ValidateCount_" : "487",
      "_ValidatePct_" : "85.288966725",
      "_Value_" : "True Negative",
      "_cutoffSource_" : "KS",
      "_targetName_" : "BAD"
    },
    "rowNumber" : 3
  }, {
    "dataMap" : {
      "_Cutoff_" : "0.17",
      "_Event_" : "           0",
      "_Response_" : "Incorrect",
      "_ValidateCount_" : "84",
      "_ValidatePct_" : "14.711033275",
      "_Value_" : "False Positive",
      "_cutoffSource_" : "KS",
      "_targetName_" : "BAD"
    },
    "rowNumber" : 4
  }, {
    "dataMap" : {
      "_Cutoff_" : "0.2",
      "_Event_" : "           1",
      "_Response_" : "Correct",
      "_TrainCount_" : "248",
      "_TrainPct_" : "87.0175438596",
      "_Value_" : "True Positive",
      "_cutoffSource_" : "KS",
      "_targetName_" : "BAD"
    },
    "rowNumber" : 5
  }, {
    "dataMap" : {
      "_Cutoff_" : "0.2",
      "_Event_" : "           1",
      "_Response_" : "Incorrect",
      "_TrainCount_" : "37",
      "_TrainPct_" : "12.9824561404",
      "_Value_" : "False Negative",
      "_cutoffSource_" : "KS",
      "_targetName_" : "BAD"
    },
    "rowNumber" : 6
  }, {
    "dataMap" : {
      "_Cutoff_" : "0.2",
      "_Event_" : "           0",
      "_Response_" : "Correct",
      "_TrainCount_" : "1011",
      "_TrainPct_" : "88.4514435696",
      "_Value_" : "True Negative",
      "_cutoffSource_" : "KS",
      "_targetName_" : "BAD"
    },
    "rowNumber" : 7
  }, {
    "dataMap" : {
      "_Cutoff_" : "0.2",
      "_Event_" : "           0",
      "_Response_" : "Incorrect",
      "_TrainCount_" : "132",
      "_TrainPct_" : "11.5485564304",
      "_Value_" : "False Positive",
      "_cutoffSource_" : "KS",
      "_targetName_" : "BAD"
    },
    "rowNumber" : 8
  }, {
    "dataMap" : {
      "_Cutoff_" : "0.27",
      "_Event_" : "           1",
      "_Response_" : "Correct",
      "_TestCount_" : "40",
      "_TestPct_" : "83.3333333333",
      "_Value_" : "True Positive",
      "_cutoffSource_" : "KS",
      "_targetName_" : "BAD"
    },
    "rowNumber" : 9
  }, {
    "dataMap" : {
      "_Cutoff_" : "0.27",
      "_Event_" : "           1",
      "_Response_" : "Incorrect",
      "_TestCount_" : "8",
      "_TestPct_" : "16.6666666667",
      "_Value_" : "False Negative",
      "_cutoffSource_" : "KS",
      "_targetName_" : "BAD"
    },
    "rowNumber" : 10
  }, {
    "dataMap" : {
      "_Cutoff_" : "0.27",
      "_Event_" : "           0",
      "_Response_" : "Correct",
      "_TestCount_" : "175",
      "_TestPct_" : "91.6230366492",
      "_Value_" : "True Negative",
      "_cutoffSource_" : "KS",
      "_targetName_" : "BAD"
    },
    "rowNumber" : 11
  }, {
    "dataMap" : {
      "_Cutoff_" : "0.27",
      "_Event_" : "           0",
      "_Response_" : "Incorrect",
      "_TestCount_" : "16",
      "_TestPct_" : "8.37696335079",
      "_Value_" : "False Positive",
      "_cutoffSource_" : "KS",
      "_targetName_" : "BAD"
    },
    "rowNumber" : 12
  }, {
    "dataMap" : {
      "_Cutoff_" : "0.5",
      "_Event_" : "           1",
      "_Response_" : "Correct",
      "_TestCount_" : "30",
      "_TestPct_" : "62.5",
      "_TrainCount_" : "176",
      "_TrainPct_" : "61.7543859649",
      "_ValidateCount_" : "70",
      "_ValidatePct_" : "48.951048951",
      "_Value_" : "True Positive",
      "_cutoffSource_" : "Default",
      "_targetName_" : "BAD"
    },
    "rowNumber" : 13
  }, {
    "dataMap" : {
      "_Cutoff_" : "0.5",
      "_Event_" : "           1",
      "_Response_" : "Incorrect",
      "_TestCount_" : "18",
      "_TestPct_" : "37.5",
      "_TrainCount_" : "109",
      "_TrainPct_" : "38.2456140351",
      "_ValidateCount_" : "73",
      "_ValidatePct_" : "51.048951049",
      "_Value_" : "False Negative",
      "_cutoffSource_" : "Default",
      "_targetName_" : "BAD"
    },
    "rowNumber" : 14
  }, {
    "dataMap" : {
      "_Cutoff_" : "0.5",
      "_Event_" : "           0",
      "_Response_" : "Correct",
      "_TestCount_" : "185",
      "_TestPct_" : "96.8586387435",
      "_TrainCount_" : "1117",
      "_TrainPct_" : "97.7252843395",
      "_ValidateCount_" : "548",
      "_ValidatePct_" : "95.9719789842",
      "_Value_" : "True Negative",
      "_cutoffSource_" : "Default",
      "_targetName_" : "BAD"
    },
    "rowNumber" : 15
  }, {
    "dataMap" : {
      "_Cutoff_" : "0.5",
      "_Event_" : "           0",
      "_Response_" : "Incorrect",
      "_TestCount_" : "6",
      "_TestPct_" : "3.14136125654",
      "_TrainCount_" : "26",
      "_TrainPct_" : "2.27471566054",
      "_ValidateCount_" : "23",
      "_ValidatePct_" : "4.02802101576",
      "_Value_" : "False Positive",
      "_cutoffSource_" : "Default",
      "_targetName_" : "BAD"
    },
    "rowNumber" : 16
  } ],
  "xInteger" : false,
  "yInteger" : false
}