{
  "creationTimeStamp" : "0001-01-01T00:00:00Z",
  "modifiedTimeStamp" : "0001-01-01T00:00:00Z",
  "revision" : 0,
  "name" : "dmcas_properties",
  "version" : 0,
  "order" : 0,
  "parameterMap" : {
    "propertyName" : {
      "label" : "Property Name",
      "length" : 256,
      "parameter" : "propertyName",
      "preformatted" : false,
      "type" : "undefined",
      "values" : [ "propertyName" ]
    },
    "propertyValue" : {
      "label" : "Property Value",
      "length" : 256,
      "parameter" : "propertyValue",
      "preformatted" : false,
      "type" : "undefined",
      "values" : [ "propertyValue" ]
    }
  },
  "data" : [ {
    "dataMap" : {
      "propertyName" : "atMaxBayes",
      "propertyValue" : "100"
    },
    "rowNumber" : 1
  }, {
    "dataMap" : {
      "propertyName" : "atMaxEval",
      "propertyValue" : "50"
    },
    "rowNumber" : 2
  }, {
    "dataMap" : {
      "propertyName" : "atMaxIter",
      "propertyValue" : "5"
    },
    "rowNumber" : 3
  }, {
    "dataMap" : {
      "propertyName" : "atMaxTime",
      "propertyValue" : "60"
    },
    "rowNumber" : 4
  }, {
    "dataMap" : {
      "propertyName" : "atObjectiveInt",
      "propertyValue" : "ASE"
    },
    "rowNumber" : 5
  }, {
    "dataMap" : {
      "propertyName" : "atObjectiveNom",
      "propertyValue" : "KS"
    },
    "rowNumber" : 6
  }, {
    "dataMap" : {
      "propertyName" : "atPopSize",
      "propertyValue" : "10"
    },
    "rowNumber" : 7
  }, {
    "dataMap" : {
      "propertyName" : "atSampleSize",
      "propertyValue" : "50"
    },
    "rowNumber" : 8
  }, {
    "dataMap" : {
      "propertyName" : "atSearchMethod",
      "propertyValue" : "GA"
    },
    "rowNumber" : 9
  }, {
    "dataMap" : {
      "propertyName" : "atTrainProp",
      "propertyValue" : "0.7"
    },
    "rowNumber" : 10
  }, {
    "dataMap" : {
      "propertyName" : "atValidFold",
      "propertyValue" : "5"
    },
    "rowNumber" : 11
  }, {
    "dataMap" : {
      "propertyName" : "atValidMethod",
      "propertyValue" : "PARTITION"
    },
    "rowNumber" : 12
  }, {
    "dataMap" : {
      "propertyName" : "atValidProp",
      "propertyValue" : "0.3"
    },
    "rowNumber" : 13
  }, {
    "dataMap" : {
      "propertyName" : "atintervalBins",
      "propertyValue" : "true"
    },
    "rowNumber" : 14
  }, {
    "dataMap" : {
      "propertyName" : "atintervalBinsInit",
      "propertyValue" : "50"
    },
    "rowNumber" : 15
  }, {
    "dataMap" : {
      "propertyName" : "atintervalBinsLB",
      "propertyValue" : "20"
    },
    "rowNumber" : 16
  }, {
    "dataMap" : {
      "propertyName" : "atintervalBinsUB",
      "propertyValue" : "100"
    },
    "rowNumber" : 17
  }, {
    "dataMap" : {
      "propertyName" : "atlasso",
      "propertyValue" : "true"
    },
    "rowNumber" : 18
  }, {
    "dataMap" : {
      "propertyName" : "atlassoInit",
      "propertyValue" : "0"
    },
    "rowNumber" : 19
  }, {
    "dataMap" : {
      "propertyName" : "atlassoLB",
      "propertyValue" : "0"
    },
    "rowNumber" : 20
  }, {
    "dataMap" : {
      "propertyName" : "atlassoUB",
      "propertyValue" : "10"
    },
    "rowNumber" : 21
  }, {
    "dataMap" : {
      "propertyName" : "atleafSize",
      "propertyValue" : "false"
    },
    "rowNumber" : 22
  }, {
    "dataMap" : {
      "propertyName" : "atleafSizeInit",
      "propertyValue" : "5"
    },
    "rowNumber" : 23
  }, {
    "dataMap" : {
      "propertyName" : "atleafSizeLB",
      "propertyValue" : "1"
    },
    "rowNumber" : 24
  }, {
    "dataMap" : {
      "propertyName" : "atleafSizeUB",
      "propertyValue" : "100"
    },
    "rowNumber" : 25
  }, {
    "dataMap" : {
      "propertyName" : "atlearnrt",
      "propertyValue" : "true"
    },
    "rowNumber" : 26
  }, {
    "dataMap" : {
      "propertyName" : "atlearnrtInit",
      "propertyValue" : "0.1"
    },
    "rowNumber" : 27
  }, {
    "dataMap" : {
      "propertyName" : "atlearnrtLB",
      "propertyValue" : "0.01"
    },
    "rowNumber" : 28
  }, {
    "dataMap" : {
      "propertyName" : "atlearnrtUB",
      "propertyValue" : "1"
    },
    "rowNumber" : 29
  }, {
    "dataMap" : {
      "propertyName" : "atmaxdepth",
      "propertyValue" : "true"
    },
    "rowNumber" : 30
  }, {
    "dataMap" : {
      "propertyName" : "atmaxdepthInit",
      "propertyValue" : "4"
    },
    "rowNumber" : 31
  }, {
    "dataMap" : {
      "propertyName" : "atmaxdepthLB",
      "propertyValue" : "1"
    },
    "rowNumber" : 32
  }, {
    "dataMap" : {
      "propertyName" : "atmaxdepthUB",
      "propertyValue" : "6"
    },
    "rowNumber" : 33
  }, {
    "dataMap" : {
      "propertyName" : "atntrees",
      "propertyValue" : "true"
    },
    "rowNumber" : 34
  }, {
    "dataMap" : {
      "propertyName" : "atntreesInit",
      "propertyValue" : "100"
    },
    "rowNumber" : 35
  }, {
    "dataMap" : {
      "propertyName" : "atntreesLB",
      "propertyValue" : "20"
    },
    "rowNumber" : 36
  }, {
    "dataMap" : {
      "propertyName" : "atntreesUB",
      "propertyValue" : "150"
    },
    "rowNumber" : 37
  }, {
    "dataMap" : {
      "propertyName" : "atridge",
      "propertyValue" : "true"
    },
    "rowNumber" : 38
  }, {
    "dataMap" : {
      "propertyName" : "atridgeInit",
      "propertyValue" : "1"
    },
    "rowNumber" : 39
  }, {
    "dataMap" : {
      "propertyName" : "atridgeLB",
      "propertyValue" : "0"
    },
    "rowNumber" : 40
  }, {
    "dataMap" : {
      "propertyName" : "atridgeUB",
      "propertyValue" : "10"
    },
    "rowNumber" : 41
  }, {
    "dataMap" : {
      "propertyName" : "atsamprt",
      "propertyValue" : "true"
    },
    "rowNumber" : 42
  }, {
    "dataMap" : {
      "propertyName" : "atsamprtInit",
      "propertyValue" : "0.5"
    },
    "rowNumber" : 43
  }, {
    "dataMap" : {
      "propertyName" : "atsamprtLB",
      "propertyValue" : "0.1"
    },
    "rowNumber" : 44
  }, {
    "dataMap" : {
      "propertyName" : "atsamprtUB",
      "propertyValue" : "1"
    },
    "rowNumber" : 45
  }, {
    "dataMap" : {
      "propertyName" : "atvarsToTry",
      "propertyValue" : "true"
    },
    "rowNumber" : 46
  }, {
    "dataMap" : {
      "propertyName" : "atvarsToTryInit",
      "propertyValue" : "100"
    },
    "rowNumber" : 47
  }, {
    "dataMap" : {
      "propertyName" : "atvarsToTryLB",
      "propertyValue" : "1"
    },
    "rowNumber" : 48
  }, {
    "dataMap" : {
      "propertyName" : "atvarsToTryUB",
      "propertyValue" : "100"
    },
    "rowNumber" : 49
  }, {
    "dataMap" : {
      "propertyName" : "autotune_enabled",
      "propertyValue" : "false"
    },
    "rowNumber" : 50
  }, {
    "dataMap" : {
      "propertyName" : "binaryProbCutoff",
      "propertyValue" : "0.5"
    },
    "rowNumber" : 51
  }, {
    "dataMap" : {
      "propertyName" : "codeLocation",
      "propertyValue" : "mlearning"
    },
    "rowNumber" : 52
  }, {
    "dataMap" : {
      "propertyName" : "dataMiningVersion",
      "propertyValue" : "V2021.1.6"
    },
    "rowNumber" : 53
  }, {
    "dataMap" : {
      "propertyName" : "defaultVarsPerTree",
      "propertyValue" : "true"
    },
    "rowNumber" : 54
  }, {
    "dataMap" : {
      "propertyName" : "distribution",
      "propertyValue" : "GAUSSIAN"
    },
    "rowNumber" : 55
  }, {
    "dataMap" : {
      "propertyName" : "earlyStop",
      "propertyValue" : "true"
    },
    "rowNumber" : 56
  }, {
    "dataMap" : {
      "propertyName" : "earlyStopMethod",
      "propertyValue" : "STAGNATION"
    },
    "rowNumber" : 57
  }, {
    "dataMap" : {
      "propertyName" : "esMetric",
      "propertyValue" : "MCR"
    },
    "rowNumber" : 58
  }, {
    "dataMap" : {
      "propertyName" : "esMinimum",
      "propertyValue" : "false"
    },
    "rowNumber" : 59
  }, {
    "dataMap" : {
      "propertyName" : "esThreshold",
      "propertyValue" : "0"
    },
    "rowNumber" : 60
  }, {
    "dataMap" : {
      "propertyName" : "esThresholdIter",
      "propertyValue" : "0"
    },
    "rowNumber" : 61
  }, {
    "dataMap" : {
      "propertyName" : "exactPctlLift",
      "propertyValue" : "true"
    },
    "rowNumber" : 62
  }, {
    "dataMap" : {
      "propertyName" : "explainFidelity",
      "propertyValue" : "false"
    },
    "rowNumber" : 63
  }, {
    "dataMap" : {
      "propertyName" : "explainInfo",
      "propertyValue" : "false"
    },
    "rowNumber" : 64
  }, {
    "dataMap" : {
      "propertyName" : "fullDatasetReconstitution",
      "propertyValue" : "false"
    },
    "rowNumber" : 65
  }, {
    "dataMap" : {
      "propertyName" : "icePlots",
      "propertyValue" : "false"
    },
    "rowNumber" : 66
  }, {
    "dataMap" : {
      "propertyName" : "intBinMethod",
      "propertyValue" : "QUANTILE"
    },
    "rowNumber" : 67
  }, {
    "dataMap" : {
      "propertyName" : "intervalBins",
      "propertyValue" : "50"
    },
    "rowNumber" : 68
  }, {
    "dataMap" : {
      "propertyName" : "lasso",
      "propertyValue" : "0"
    },
    "rowNumber" : 69
  }, {
    "dataMap" : {
      "propertyName" : "learningRate",
      "propertyValue" : "0.1"
    },
    "rowNumber" : 70
  }, {
    "dataMap" : {
      "propertyName" : "maxBranch",
      "propertyValue" : "2"
    },
    "rowNumber" : 71
  }, {
    "dataMap" : {
      "propertyName" : "maxCategories",
      "propertyValue" : "128"
    },
    "rowNumber" : 72
  }, {
    "dataMap" : {
      "propertyName" : "maxDepth",
      "propertyValue" : "4"
    },
    "rowNumber" : 73
  }, {
    "dataMap" : {
      "propertyName" : "maxNumShapVars",
      "propertyValue" : "20"
    },
    "rowNumber" : 74
  }, {
    "dataMap" : {
      "propertyName" : "minLeafSize",
      "propertyValue" : "5"
    },
    "rowNumber" : 75
  }, {
    "dataMap" : {
      "propertyName" : "minUseInSearch",
      "propertyValue" : "1"
    },
    "rowNumber" : 76
  }, {
    "dataMap" : {
      "propertyName" : "missingValue",
      "propertyValue" : "USEINSEARCH"
    },
    "rowNumber" : 77
  }, {
    "dataMap" : {
      "propertyName" : "nBins",
      "propertyValue" : "50"
    },
    "rowNumber" : 78
  }, {
    "dataMap" : {
      "propertyName" : "ntrees",
      "propertyValue" : "100"
    },
    "rowNumber" : 79
  }, {
    "dataMap" : {
      "propertyName" : "pdNumImportantInputs",
      "propertyValue" : "5"
    },
    "rowNumber" : 80
  }, {
    "dataMap" : {
      "propertyName" : "pdObsSamples",
      "propertyValue" : "1000"
    },
    "rowNumber" : 81
  }, {
    "dataMap" : {
      "propertyName" : "pdPlots",
      "propertyValue" : "false"
    },
    "rowNumber" : 82
  }, {
    "dataMap" : {
      "propertyName" : "performKernelShap",
      "propertyValue" : "false"
    },
    "rowNumber" : 83
  }, {
    "dataMap" : {
      "propertyName" : "performLime",
      "propertyValue" : "false"
    },
    "rowNumber" : 84
  }, {
    "dataMap" : {
      "propertyName" : "performVI",
      "propertyValue" : "false"
    },
    "rowNumber" : 85
  }, {
    "dataMap" : {
      "propertyName" : "power",
      "propertyValue" : "1.5"
    },
    "rowNumber" : 86
  }, {
    "dataMap" : {
      "propertyName" : "reportingOnly",
      "propertyValue" : "false"
    },
    "rowNumber" : 87
  }, {
    "dataMap" : {
      "propertyName" : "ridge",
      "propertyValue" : "1"
    },
    "rowNumber" : 88
  }, {
    "dataMap" : {
      "propertyName" : "seed",
      "propertyValue" : "12345"
    },
    "rowNumber" : 89
  }, {
    "dataMap" : {
      "propertyName" : "seedId",
      "propertyValue" : "12345"
    },
    "rowNumber" : 90
  }, {
    "dataMap" : {
      "propertyName" : "specifyRows",
      "propertyValue" : "RANDOM"
    },
    "rowNumber" : 91
  }, {
    "dataMap" : {
      "propertyName" : "stagnation",
      "propertyValue" : "5"
    },
    "rowNumber" : 92
  }, {
    "dataMap" : {
      "propertyName" : "subsampleRate",
      "propertyValue" : "0.5"
    },
    "rowNumber" : 93
  }, {
    "dataMap" : {
      "propertyName" : "templateRevision",
      "propertyValue" : "2"
    },
    "rowNumber" : 94
  }, {
    "dataMap" : {
      "propertyName" : "tolerance",
      "propertyValue" : "0"
    },
    "rowNumber" : 95
  }, {
    "dataMap" : {
      "propertyName" : "train",
      "propertyValue" : "true"
    },
    "rowNumber" : 96
  }, {
    "dataMap" : {
      "propertyName" : "truncateLl",
      "propertyValue" : "5"
    },
    "rowNumber" : 97
  }, {
    "dataMap" : {
      "propertyName" : "truncateUl",
      "propertyValue" : "95"
    },
    "rowNumber" : 98
  }, {
    "dataMap" : {
      "propertyName" : "userProbCutoff",
      "propertyValue" : "false"
    },
    "rowNumber" : 99
  }, {
    "dataMap" : {
      "propertyName" : "varsToTry",
      "propertyValue" : "100"
    },
    "rowNumber" : 100
  } ],
  "xInteger" : false,
  "yInteger" : false
}