{
  "creationTimeStamp" : "0001-01-01T00:00:00Z",
  "modifiedTimeStamp" : "0001-01-01T00:00:00Z",
  "revision" : 0,
  "name" : "dmcas_scoreoutputs",
  "version" : 0,
  "order" : 0,
  "parameterMap" : {
    "CREATOR" : {
      "label" : "Creator",
      "length" : 255,
      "order" : 8,
      "parameter" : "CREATOR",
      "preformatted" : false,
      "type" : "char",
      "values" : [ "CREATOR" ]
    },
    "CREATORGUID" : {
      "label" : "Creator GUID",
      "length" : 36,
      "order" : 10,
      "parameter" : "CREATORGUID",
      "preformatted" : false,
      "type" : "char",
      "values" : [ "CREATORGUID" ]
    },
    "FORMAT" : {
      "label" : "Variable Format",
      "length" : 36,
      "order" : 6,
      "parameter" : "FORMAT",
      "preformatted" : false,
      "type" : "char",
      "values" : [ "FORMAT" ]
    },
    "FUNCTION" : {
      "label" : "Function",
      "length" : 32,
      "order" : 9,
      "parameter" : "FUNCTION",
      "preformatted" : false,
      "type" : "char",
      "values" : [ "FUNCTION" ]
    },
    "LABEL" : {
      "label" : "Variable Label",
      "length" : 256,
      "order" : 5,
      "parameter" : "LABEL",
      "preformatted" : false,
      "type" : "char",
      "values" : [ "LABEL" ]
    },
    "LENGTH" : {
      "label" : "Variable Length",
      "length" : 8,
      "order" : 7,
      "parameter" : "LENGTH",
      "preformatted" : false,
      "type" : "num",
      "values" : [ "LENGTH" ]
    },
    "NAME" : {
      "label" : "Name",
      "length" : 255,
      "order" : 1,
      "parameter" : "NAME",
      "preformatted" : false,
      "type" : "char",
      "values" : [ "NAME" ]
    },
    "ROLE" : {
      "label" : "Role",
      "length" : 32,
      "order" : 2,
      "parameter" : "ROLE",
      "preformatted" : false,
      "type" : "char",
      "values" : [ "ROLE" ]
    },
    "TYPE" : {
      "label" : "Type",
      "length" : 1,
      "order" : 3,
      "parameter" : "TYPE",
      "preformatted" : false,
      "type" : "char",
      "values" : [ "TYPE" ]
    },
    "VARTYPE" : {
      "label" : "Variable Type",
      "length" : 32,
      "order" : 4,
      "parameter" : "VARTYPE",
      "preformatted" : false,
      "type" : "char",
      "values" : [ "VARTYPE" ]
    }
  },
  "data" : [ {
    "dataMap" : {
      "CREATOR" : "gradboost",
      "CREATORGUID" : "f8bd01e2-5789-41e7-9840-c0d9f2c66e69",
      "FORMAT" : "",
      "FUNCTION" : "CLASSIFICATION",
      "LABEL" : "Into: BAD",
      "LENGTH" : "12",
      "NAME" : "EM_CLASSIFICATION",
      "ROLE" : "CLASSIFICATION",
      "TYPE" : "C",
      "VARTYPE" : "char"
    },
    "rowNumber" : 1
  }, {
    "dataMap" : {
      "CREATOR" : "gradboost",
      "CREATORGUID" : "f8bd01e2-5789-41e7-9840-c0d9f2c66e69",
      "FORMAT" : "",
      "FUNCTION" : "PREDICT",
      "LABEL" : "Predicted: BAD=1",
      "LENGTH" : "8",
      "NAME" : "EM_EVENTPROBABILITY",
      "ROLE" : "PREDICT",
      "TYPE" : "N",
      "VARTYPE" : "double"
    },
    "rowNumber" : 2
  }, {
    "dataMap" : {
      "CREATOR" : "gradboost",
      "CREATORGUID" : "f8bd01e2-5789-41e7-9840-c0d9f2c66e69",
      "FORMAT" : "",
      "FUNCTION" : "PREDICT",
      "LABEL" : "Probability of Classification",
      "LENGTH" : "8",
      "NAME" : "EM_PROBABILITY",
      "ROLE" : "PREDICT",
      "TYPE" : "N",
      "VARTYPE" : "double"
    },
    "rowNumber" : 3
  }, {
    "dataMap" : {
      "CREATOR" : "gradboost",
      "CREATORGUID" : "f8bd01e2-5789-41e7-9840-c0d9f2c66e69",
      "FORMAT" : "",
      "FUNCTION" : "CLASSIFICATION",
      "LABEL" : "Into: BAD",
      "LENGTH" : "32",
      "NAME" : "I_BAD",
      "ROLE" : "CLASSIFICATION",
      "TYPE" : "C",
      "VARTYPE" : "char"
    },
    "rowNumber" : 4
  }, {
    "dataMap" : {
      "CREATOR" : "gradboost",
      "CREATORGUID" : "f8bd01e2-5789-41e7-9840-c0d9f2c66e69",
      "FORMAT" : "",
      "FUNCTION" : "PREDICT",
      "LABEL" : "Predicted: BAD=0",
      "LENGTH" : "8",
      "NAME" : "P_BAD0",
      "ROLE" : "PREDICT",
      "TYPE" : "N",
      "VARTYPE" : "double"
    },
    "rowNumber" : 5
  }, {
    "dataMap" : {
      "CREATOR" : "gradboost",
      "CREATORGUID" : "f8bd01e2-5789-41e7-9840-c0d9f2c66e69",
      "FORMAT" : "",
      "FUNCTION" : "PREDICT",
      "LABEL" : "Predicted: BAD=1",
      "LENGTH" : "8",
      "NAME" : "P_BAD1",
      "ROLE" : "PREDICT",
      "TYPE" : "N",
      "VARTYPE" : "double"
    },
    "rowNumber" : 6
  }, {
    "dataMap" : {
      "CREATOR" : "gradboost",
      "CREATORGUID" : "f8bd01e2-5789-41e7-9840-c0d9f2c66e69",
      "FORMAT" : "",
      "FUNCTION" : "PREDICT",
      "LABEL" : "",
      "LENGTH" : "8",
      "NAME" : "_P_",
      "ROLE" : "ASSESS",
      "TYPE" : "N",
      "VARTYPE" : "double"
    },
    "rowNumber" : 7
  }, {
    "dataMap" : {
      "CREATOR" : "gradboost",
      "CREATORGUID" : "f8bd01e2-5789-41e7-9840-c0d9f2c66e69",
      "FORMAT" : "",
      "FUNCTION" : "ASSESS",
      "LABEL" : "Warnings",
      "LENGTH" : "4",
      "NAME" : "_WARN_",
      "ROLE" : "ASSESS",
      "TYPE" : "C",
      "VARTYPE" : "char"
    },
    "rowNumber" : 8
  } ],
  "xInteger" : false,
  "yInteger" : false
}