{
  "creationTimeStamp" : "0001-01-01T00:00:00Z",
  "modifiedTimeStamp" : "0001-01-01T00:00:00Z",
  "revision" : 0,
  "name" : "dmcas_lift",
  "version" : 0,
  "order" : 0,
  "parameterMap" : {
    "_Column_" : {
      "label" : "Analysis Variable",
      "length" : 6,
      "order" : 5,
      "parameter" : "_Column_",
      "preformatted" : false,
      "type" : "char",
      "values" : [ "_Column_" ]
    },
    "_CumLiftBest_" : {
      "label" : "Best Cumulative Lift",
      "length" : 8,
      "order" : 19,
      "parameter" : "_CumLiftBest_",
      "preformatted" : false,
      "type" : "num",
      "values" : [ "_CumLiftBest_" ]
    },
    "_CumLift_" : {
      "label" : "Cumulative Lift",
      "length" : 8,
      "order" : 18,
      "parameter" : "_CumLift_",
      "preformatted" : false,
      "type" : "num",
      "values" : [ "_CumLift_" ]
    },
    "_CumPctRespBest_" : {
      "label" : "Best Cumulative Response Percentage",
      "length" : 8,
      "order" : 23,
      "parameter" : "_CumPctRespBest_",
      "preformatted" : false,
      "type" : "num",
      "values" : [ "_CumPctRespBest_" ]
    },
    "_CumPctResp_" : {
      "label" : "Cumulative Response Percentage",
      "length" : 8,
      "order" : 22,
      "parameter" : "_CumPctResp_",
      "preformatted" : false,
      "type" : "num",
      "values" : [ "_CumPctResp_" ]
    },
    "_CumRespBest_" : {
      "label" : "Best Cumulative Captured Response Percentage",
      "length" : 8,
      "order" : 17,
      "parameter" : "_CumRespBest_",
      "preformatted" : false,
      "type" : "num",
      "values" : [ "_CumRespBest_" ]
    },
    "_CumResp_" : {
      "label" : "Cumulative Captured Response Percentage",
      "length" : 8,
      "order" : 16,
      "parameter" : "_CumResp_",
      "preformatted" : false,
      "type" : "num",
      "values" : [ "_CumResp_" ]
    },
    "_DataRole_" : {
      "label" : "Data Role",
      "length" : 10,
      "order" : 2,
      "parameter" : "_DataRole_",
      "preformatted" : false,
      "type" : "char",
      "values" : [ "_DataRole_" ]
    },
    "_Depth_" : {
      "label" : "Depth",
      "length" : 8,
      "order" : 7,
      "parameter" : "_Depth_",
      "preformatted" : false,
      "type" : "num",
      "values" : [ "_Depth_" ]
    },
    "_Event_" : {
      "label" : "Event",
      "length" : 12,
      "order" : 6,
      "parameter" : "_Event_",
      "preformatted" : false,
      "type" : "char",
      "values" : [ "_Event_" ]
    },
    "_GainBest_" : {
      "label" : "Best Gain",
      "length" : 8,
      "order" : 25,
      "parameter" : "_GainBest_",
      "preformatted" : false,
      "type" : "num",
      "values" : [ "_GainBest_" ]
    },
    "_Gain_" : {
      "label" : "Gain",
      "length" : 8,
      "order" : 24,
      "parameter" : "_Gain_",
      "preformatted" : false,
      "type" : "num",
      "values" : [ "_Gain_" ]
    },
    "_LiftBest_" : {
      "label" : "Best Lift",
      "length" : 8,
      "order" : 15,
      "parameter" : "_LiftBest_",
      "preformatted" : false,
      "type" : "num",
      "values" : [ "_LiftBest_" ]
    },
    "_Lift_" : {
      "label" : "Lift",
      "length" : 8,
      "order" : 14,
      "parameter" : "_Lift_",
      "preformatted" : false,
      "type" : "num",
      "values" : [ "_Lift_" ]
    },
    "_NEventsBest_" : {
      "label" : "Best Number of Events",
      "length" : 8,
      "order" : 11,
      "parameter" : "_NEventsBest_",
      "preformatted" : false,
      "type" : "num",
      "values" : [ "_NEventsBest_" ]
    },
    "_NEvents_" : {
      "label" : "Number of Events",
      "length" : 8,
      "order" : 10,
      "parameter" : "_NEvents_",
      "preformatted" : false,
      "type" : "num",
      "values" : [ "_NEvents_" ]
    },
    "_NObs_" : {
      "label" : "Sum of Frequencies",
      "length" : 8,
      "order" : 9,
      "parameter" : "_NObs_",
      "preformatted" : false,
      "type" : "num",
      "values" : [ "_NObs_" ]
    },
    "_PartInd_" : {
      "label" : "Partition Indicator",
      "length" : 8,
      "order" : 3,
      "parameter" : "_PartInd_",
      "preformatted" : false,
      "type" : "num",
      "values" : [ "_PartInd_" ]
    },
    "_PctRespBest_" : {
      "label" : "Best Response Percentage",
      "length" : 8,
      "order" : 21,
      "parameter" : "_PctRespBest_",
      "preformatted" : false,
      "type" : "num",
      "values" : [ "_PctRespBest_" ]
    },
    "_PctResp_" : {
      "label" : "Response Percentage",
      "length" : 8,
      "order" : 20,
      "parameter" : "_PctResp_",
      "preformatted" : false,
      "type" : "num",
      "values" : [ "_PctResp_" ]
    },
    "_RespBest_" : {
      "label" : "Best Captured Response Percentage",
      "length" : 8,
      "order" : 13,
      "parameter" : "_RespBest_",
      "preformatted" : false,
      "type" : "num",
      "values" : [ "_RespBest_" ]
    },
    "_Resp_" : {
      "label" : "Captured Response Percentage",
      "length" : 8,
      "order" : 12,
      "parameter" : "_Resp_",
      "preformatted" : false,
      "type" : "num",
      "values" : [ "_Resp_" ]
    },
    "_TargetName_" : {
      "label" : "Target Name",
      "length" : 3,
      "order" : 1,
      "parameter" : "_TargetName_",
      "preformatted" : false,
      "type" : "char",
      "values" : [ "_TargetName_" ]
    },
    "_Value_" : {
      "label" : "Value",
      "length" : 8,
      "order" : 8,
      "parameter" : "_Value_",
      "preformatted" : false,
      "type" : "num",
      "values" : [ "_Value_" ]
    },
    "_formattedPartition_" : {
      "label" : "Formatted Partition",
      "length" : 12,
      "order" : 4,
      "parameter" : "_formattedPartition_",
      "preformatted" : false,
      "type" : "char",
      "values" : [ "_formattedPartition_" ]
    }
  },
  "data" : [ {
    "dataMap" : {
      "_Column_" : "P_BAD1",
      "_CumRespBest_" : "0",
      "_CumResp_" : "0",
      "_DataRole_" : "VALIDATE",
      "_Depth_" : "0",
      "_Event_" : "           1",
      "_NEventsBest_" : "0",
      "_NEvents_" : "0",
      "_NObs_" : "0",
      "_PartInd_" : "0",
      "_RespBest_" : "0",
      "_Resp_" : "0",
      "_TargetName_" : "BAD",
      "_Value_" : "0",
      "_formattedPartition_" : "           0"
    },
    "rowNumber" : 1
  }, {
    "dataMap" : {
      "_Column_" : "P_BAD1",
      "_CumLiftBest_" : "5.03496503497",
      "_CumLift_" : "4.05594405594",
      "_CumPctRespBest_" : "100",
      "_CumPctResp_" : "80.5555555556",
      "_CumRespBest_" : "25.1748251748",
      "_CumResp_" : "20.2797202797",
      "_DataRole_" : "VALIDATE",
      "_Depth_" : "5",
      "_Event_" : "           1",
      "_GainBest_" : "4.03496503497",
      "_Gain_" : "3.05594405594",
      "_LiftBest_" : "5.03496503497",
      "_Lift_" : "4.05594405594",
      "_NEventsBest_" : "36",
      "_NEvents_" : "29",
      "_NObs_" : "36",
      "_PartInd_" : "0",
      "_PctRespBest_" : "100",
      "_PctResp_" : "80.5555555556",
      "_RespBest_" : "25.1748251748",
      "_Resp_" : "20.2797202797",
      "_TargetName_" : "BAD",
      "_Value_" : "0.654474790056",
      "_formattedPartition_" : "           0"
    },
    "rowNumber" : 2
  }, {
    "dataMap" : {
      "_Column_" : "P_BAD1",
      "_CumLiftBest_" : "5.03496503497",
      "_CumLift_" : "4.1958041958",
      "_CumPctRespBest_" : "100",
      "_CumPctResp_" : "83.3333333333",
      "_CumRespBest_" : "50.3496503497",
      "_CumResp_" : "41.958041958",
      "_DataRole_" : "VALIDATE",
      "_Depth_" : "10",
      "_Event_" : "           1",
      "_GainBest_" : "4.03496503497",
      "_Gain_" : "3.1958041958",
      "_LiftBest_" : "5.03496503497",
      "_Lift_" : "4.33566433566",
      "_NEventsBest_" : "36",
      "_NEvents_" : "31",
      "_NObs_" : "36",
      "_PartInd_" : "0",
      "_PctRespBest_" : "100",
      "_PctResp_" : "86.1111111111",
      "_RespBest_" : "25.1748251748",
      "_Resp_" : "21.6783216783",
      "_TargetName_" : "BAD",
      "_Value_" : "0.55812477212",
      "_formattedPartition_" : "           0"
    },
    "rowNumber" : 3
  }, {
    "dataMap" : {
      "_Column_" : "P_BAD1",
      "_CumLiftBest_" : "5.03496503497",
      "_CumLift_" : "3.54312354312",
      "_CumPctRespBest_" : "100",
      "_CumPctResp_" : "70.3703703704",
      "_CumRespBest_" : "75.5244755245",
      "_CumResp_" : "53.1468531469",
      "_DataRole_" : "VALIDATE",
      "_Depth_" : "15",
      "_Event_" : "           1",
      "_GainBest_" : "4.03496503497",
      "_Gain_" : "2.54312354312",
      "_LiftBest_" : "5.03496503497",
      "_Lift_" : "2.23776223776",
      "_NEventsBest_" : "36",
      "_NEvents_" : "16",
      "_NObs_" : "36",
      "_PartInd_" : "0",
      "_PctRespBest_" : "100",
      "_PctResp_" : "44.4444444444",
      "_RespBest_" : "25.1748251748",
      "_Resp_" : "11.1888111888",
      "_TargetName_" : "BAD",
      "_Value_" : "0.465153467148",
      "_formattedPartition_" : "           0"
    },
    "rowNumber" : 4
  }, {
    "dataMap" : {
      "_Column_" : "P_BAD1",
      "_CumLiftBest_" : "5",
      "_CumLift_" : "3.32167832168",
      "_CumPctRespBest_" : "99.3055555556",
      "_CumPctResp_" : "65.9722222222",
      "_CumRespBest_" : "100",
      "_CumResp_" : "66.4335664336",
      "_DataRole_" : "VALIDATE",
      "_Depth_" : "20",
      "_Event_" : "           1",
      "_GainBest_" : "4",
      "_Gain_" : "2.32167832168",
      "_LiftBest_" : "4.8951048951",
      "_Lift_" : "2.65734265734",
      "_NEventsBest_" : "35",
      "_NEvents_" : "19",
      "_NObs_" : "36",
      "_PartInd_" : "0",
      "_PctRespBest_" : "97.2222222222",
      "_PctResp_" : "52.7777777778",
      "_RespBest_" : "24.4755244755",
      "_Resp_" : "13.2867132867",
      "_TargetName_" : "BAD",
      "_Value_" : "0.310374985423",
      "_formattedPartition_" : "           0"
    },
    "rowNumber" : 5
  }, {
    "dataMap" : {
      "_Column_" : "P_BAD1",
      "_CumLiftBest_" : "4",
      "_CumLift_" : "3.02097902098",
      "_CumPctRespBest_" : "79.4444444444",
      "_CumPctResp_" : "60",
      "_CumRespBest_" : "100",
      "_CumResp_" : "75.5244755245",
      "_DataRole_" : "VALIDATE",
      "_Depth_" : "25",
      "_Event_" : "           1",
      "_GainBest_" : "3",
      "_Gain_" : "2.02097902098",
      "_LiftBest_" : "0",
      "_Lift_" : "1.81818181818",
      "_NEventsBest_" : "0",
      "_NEvents_" : "13",
      "_NObs_" : "36",
      "_PartInd_" : "0",
      "_PctRespBest_" : "0",
      "_PctResp_" : "36.1111111111",
      "_RespBest_" : "0",
      "_Resp_" : "9.09090909091",
      "_TargetName_" : "BAD",
      "_Value_" : "0.200471608764",
      "_formattedPartition_" : "           0"
    },
    "rowNumber" : 6
  }, {
    "dataMap" : {
      "_Column_" : "P_BAD1",
      "_CumLiftBest_" : "3.33333333333",
      "_CumLift_" : "2.70396270396",
      "_CumPctRespBest_" : "66.2037037037",
      "_CumPctResp_" : "53.7037037037",
      "_CumRespBest_" : "100",
      "_CumResp_" : "81.1188811189",
      "_DataRole_" : "VALIDATE",
      "_Depth_" : "30",
      "_Event_" : "           1",
      "_GainBest_" : "2.33333333333",
      "_Gain_" : "1.70396270396",
      "_LiftBest_" : "0",
      "_Lift_" : "1.11888111888",
      "_NEventsBest_" : "0",
      "_NEvents_" : "8",
      "_NObs_" : "36",
      "_PartInd_" : "0",
      "_PctRespBest_" : "0",
      "_PctResp_" : "22.2222222222",
      "_RespBest_" : "0",
      "_Resp_" : "5.59440559441",
      "_TargetName_" : "BAD",
      "_Value_" : "0.154479124306",
      "_formattedPartition_" : "           0"
    },
    "rowNumber" : 7
  }, {
    "dataMap" : {
      "_Column_" : "P_BAD1",
      "_CumLiftBest_" : "2.85714285714",
      "_CumLift_" : "2.43756243756",
      "_CumPctRespBest_" : "56.9721115538",
      "_CumPctResp_" : "48.6055776892",
      "_CumRespBest_" : "100",
      "_CumResp_" : "85.3146853147",
      "_DataRole_" : "VALIDATE",
      "_Depth_" : "35",
      "_Event_" : "           1",
      "_GainBest_" : "1.85714285714",
      "_Gain_" : "1.43756243756",
      "_LiftBest_" : "0",
      "_Lift_" : "0.839160839161",
      "_NEventsBest_" : "0",
      "_NEvents_" : "6",
      "_NObs_" : "35",
      "_PartInd_" : "0",
      "_PctRespBest_" : "0",
      "_PctResp_" : "17.1428571429",
      "_RespBest_" : "0",
      "_Resp_" : "4.1958041958",
      "_TargetName_" : "BAD",
      "_Value_" : "0.129464607875",
      "_formattedPartition_" : "           0"
    },
    "rowNumber" : 8
  }, {
    "dataMap" : {
      "_Column_" : "P_BAD1",
      "_CumLiftBest_" : "2.5",
      "_CumLift_" : "2.22027972028",
      "_CumPctRespBest_" : "49.8257839721",
      "_CumPctResp_" : "44.2508710801",
      "_CumRespBest_" : "100",
      "_CumResp_" : "88.8111888112",
      "_DataRole_" : "VALIDATE",
      "_Depth_" : "40",
      "_Event_" : "           1",
      "_GainBest_" : "1.5",
      "_Gain_" : "1.22027972028",
      "_LiftBest_" : "0",
      "_Lift_" : "0.699300699301",
      "_NEventsBest_" : "0",
      "_NEvents_" : "5",
      "_NObs_" : "36",
      "_PartInd_" : "0",
      "_PctRespBest_" : "0",
      "_PctResp_" : "13.8888888889",
      "_RespBest_" : "0",
      "_Resp_" : "3.4965034965",
      "_TargetName_" : "BAD",
      "_Value_" : "0.112060630448",
      "_formattedPartition_" : "           0"
    },
    "rowNumber" : 9
  }, {
    "dataMap" : {
      "_Column_" : "P_BAD1",
      "_CumLiftBest_" : "2.22222222222",
      "_CumLift_" : "2.03574203574",
      "_CumPctRespBest_" : "44.2724458204",
      "_CumPctResp_" : "40.5572755418",
      "_CumRespBest_" : "100",
      "_CumResp_" : "91.6083916084",
      "_DataRole_" : "VALIDATE",
      "_Depth_" : "45",
      "_Event_" : "           1",
      "_GainBest_" : "1.22222222222",
      "_Gain_" : "1.03574203574",
      "_LiftBest_" : "0",
      "_Lift_" : "0.559440559441",
      "_NEventsBest_" : "0",
      "_NEvents_" : "4",
      "_NObs_" : "36",
      "_PartInd_" : "0",
      "_PctRespBest_" : "0",
      "_PctResp_" : "11.1111111111",
      "_RespBest_" : "0",
      "_Resp_" : "2.7972027972",
      "_TargetName_" : "BAD",
      "_Value_" : "0.101796930018",
      "_formattedPartition_" : "           0"
    },
    "rowNumber" : 10
  }, {
    "dataMap" : {
      "_Column_" : "P_BAD1",
      "_CumLiftBest_" : "2",
      "_CumLift_" : "1.87412587413",
      "_CumPctRespBest_" : "39.9441340782",
      "_CumPctResp_" : "37.4301675978",
      "_CumRespBest_" : "100",
      "_CumResp_" : "93.7062937063",
      "_DataRole_" : "VALIDATE",
      "_Depth_" : "50",
      "_Event_" : "           1",
      "_GainBest_" : "1",
      "_Gain_" : "0.874125874126",
      "_LiftBest_" : "0",
      "_Lift_" : "0.41958041958",
      "_NEventsBest_" : "0",
      "_NEvents_" : "3",
      "_NObs_" : "35",
      "_PartInd_" : "0",
      "_PctRespBest_" : "0",
      "_PctResp_" : "8.57142857143",
      "_RespBest_" : "0",
      "_Resp_" : "2.0979020979",
      "_TargetName_" : "BAD",
      "_Value_" : "0.0924944522581",
      "_formattedPartition_" : "           0"
    },
    "rowNumber" : 11
  }, {
    "dataMap" : {
      "_Column_" : "P_BAD1",
      "_CumLiftBest_" : "1.81818181818",
      "_CumLift_" : "1.71646535283",
      "_CumPctRespBest_" : "36.2944162437",
      "_CumPctResp_" : "34.2639593909",
      "_CumRespBest_" : "100",
      "_CumResp_" : "94.4055944056",
      "_DataRole_" : "VALIDATE",
      "_Depth_" : "55",
      "_Event_" : "           1",
      "_GainBest_" : "0.818181818182",
      "_Gain_" : "0.716465352829",
      "_LiftBest_" : "0",
      "_Lift_" : "0.13986013986",
      "_NEventsBest_" : "0",
      "_NEvents_" : "1",
      "_NObs_" : "36",
      "_PartInd_" : "0",
      "_PctRespBest_" : "0",
      "_PctResp_" : "2.77777777778",
      "_RespBest_" : "0",
      "_Resp_" : "0.699300699301",
      "_TargetName_" : "BAD",
      "_Value_" : "0.0870145646239",
      "_formattedPartition_" : "           0"
    },
    "rowNumber" : 12
  }, {
    "dataMap" : {
      "_Column_" : "P_BAD1",
      "_CumLiftBest_" : "1.66666666667",
      "_CumLift_" : "1.59673659674",
      "_CumPctRespBest_" : "33.2558139535",
      "_CumPctResp_" : "31.8604651163",
      "_CumRespBest_" : "100",
      "_CumResp_" : "95.8041958042",
      "_DataRole_" : "VALIDATE",
      "_Depth_" : "60",
      "_Event_" : "           1",
      "_GainBest_" : "0.666666666667",
      "_Gain_" : "0.596736596737",
      "_LiftBest_" : "0",
      "_Lift_" : "0.27972027972",
      "_NEventsBest_" : "0",
      "_NEvents_" : "2",
      "_NObs_" : "36",
      "_PartInd_" : "0",
      "_PctRespBest_" : "0",
      "_PctResp_" : "5.55555555556",
      "_RespBest_" : "0",
      "_Resp_" : "1.3986013986",
      "_TargetName_" : "BAD",
      "_Value_" : "0.0837947232275",
      "_formattedPartition_" : "           0"
    },
    "rowNumber" : 13
  }, {
    "dataMap" : {
      "_Column_" : "P_BAD1",
      "_CumLiftBest_" : "1.53846153846",
      "_CumLift_" : "1.49542764927",
      "_CumPctRespBest_" : "30.686695279",
      "_CumPctResp_" : "29.8283261803",
      "_CumRespBest_" : "100",
      "_CumResp_" : "97.2027972028",
      "_DataRole_" : "VALIDATE",
      "_Depth_" : "65",
      "_Event_" : "           1",
      "_GainBest_" : "0.538461538462",
      "_Gain_" : "0.495427649274",
      "_LiftBest_" : "0",
      "_Lift_" : "0.27972027972",
      "_NEventsBest_" : "0",
      "_NEvents_" : "2",
      "_NObs_" : "36",
      "_PartInd_" : "0",
      "_PctRespBest_" : "0",
      "_PctResp_" : "5.55555555556",
      "_RespBest_" : "0",
      "_Resp_" : "1.3986013986",
      "_TargetName_" : "BAD",
      "_Value_" : "0.0796783707184",
      "_formattedPartition_" : "           0"
    },
    "rowNumber" : 14
  }, {
    "dataMap" : {
      "_Column_" : "P_BAD1",
      "_CumLiftBest_" : "1.42857142857",
      "_CumLift_" : "1.40012061671",
      "_CumPctRespBest_" : "28.373015873",
      "_CumPctResp_" : "27.8079511374",
      "_CumRespBest_" : "100",
      "_CumResp_" : "98.0084431697",
      "_DataRole_" : "VALIDATE",
      "_Depth_" : "70",
      "_Event_" : "           1",
      "_GainBest_" : "0.428571428571",
      "_Gain_" : "0.40012061671",
      "_LiftBest_" : "0",
      "_Lift_" : "0.161129193387",
      "_NEventsBest_" : "0",
      "_NEvents_" : "1.15207373272",
      "_NObs_" : "38",
      "_PartInd_" : "0",
      "_PctRespBest_" : "0",
      "_PctResp_" : "3.03177298084",
      "_RespBest_" : "0",
      "_Resp_" : "0.805645966936",
      "_TargetName_" : "BAD",
      "_Value_" : "0.0700066506081",
      "_formattedPartition_" : "           0"
    },
    "rowNumber" : 15
  }, {
    "dataMap" : {
      "_Column_" : "P_BAD1",
      "_CumLiftBest_" : "1.33333333333",
      "_CumLift_" : "1.31141976303",
      "_CumPctRespBest_" : "26.4814814815",
      "_CumPctResp_" : "26.0462536269",
      "_CumRespBest_" : "100",
      "_CumResp_" : "98.3564822274",
      "_DataRole_" : "VALIDATE",
      "_Depth_" : "75",
      "_Event_" : "           1",
      "_GainBest_" : "0.333333333333",
      "_Gain_" : "0.311419763033",
      "_LiftBest_" : "0",
      "_Lift_" : "0.0696078115433",
      "_NEventsBest_" : "0",
      "_NEvents_" : "0.497695852535",
      "_NObs_" : "36",
      "_PartInd_" : "0",
      "_PctRespBest_" : "0",
      "_PctResp_" : "1.38248847926",
      "_RespBest_" : "0",
      "_Resp_" : "0.348039057716",
      "_TargetName_" : "BAD",
      "_Value_" : "0.0700066506081",
      "_formattedPartition_" : "           0"
    },
    "rowNumber" : 16
  }, {
    "dataMap" : {
      "_Column_" : "P_BAD1",
      "_CumLiftBest_" : "1.25",
      "_CumLift_" : "1.23380651606",
      "_CumPctRespBest_" : "24.8263888889",
      "_CumPctResp_" : "24.5047683052",
      "_CumRespBest_" : "100",
      "_CumResp_" : "98.7045212852",
      "_DataRole_" : "VALIDATE",
      "_Depth_" : "80",
      "_Event_" : "           1",
      "_GainBest_" : "0.25",
      "_Gain_" : "0.233806516065",
      "_LiftBest_" : "0",
      "_Lift_" : "0.0696078115433",
      "_NEventsBest_" : "0",
      "_NEvents_" : "0.497695852535",
      "_NObs_" : "36",
      "_PartInd_" : "0",
      "_PctRespBest_" : "0",
      "_PctResp_" : "1.38248847926",
      "_RespBest_" : "0",
      "_Resp_" : "0.348039057716",
      "_TargetName_" : "BAD",
      "_Value_" : "0.0700066506081",
      "_formattedPartition_" : "           0"
    },
    "rowNumber" : 17
  }, {
    "dataMap" : {
      "_Column_" : "P_BAD1",
      "_CumLiftBest_" : "1.17647058824",
      "_CumLift_" : "1.16532423933",
      "_CumPctRespBest_" : "23.3660130719",
      "_CumPctResp_" : "23.1446341978",
      "_CumRespBest_" : "100",
      "_CumResp_" : "99.0525603429",
      "_DataRole_" : "VALIDATE",
      "_Depth_" : "85",
      "_Event_" : "           1",
      "_GainBest_" : "0.176470588235",
      "_Gain_" : "0.165324239328",
      "_LiftBest_" : "0",
      "_Lift_" : "0.0696078115433",
      "_NEventsBest_" : "0",
      "_NEvents_" : "0.497695852535",
      "_NObs_" : "36",
      "_PartInd_" : "0",
      "_PctRespBest_" : "0",
      "_PctResp_" : "1.38248847926",
      "_RespBest_" : "0",
      "_Resp_" : "0.348039057716",
      "_TargetName_" : "BAD",
      "_Value_" : "0.0700066506081",
      "_formattedPartition_" : "           0"
    },
    "rowNumber" : 18
  }, {
    "dataMap" : {
      "_Column_" : "P_BAD1",
      "_CumLiftBest_" : "1.11111111111",
      "_CumLift_" : "1.10445110445",
      "_CumPctRespBest_" : "22.0679012346",
      "_CumPctResp_" : "21.9356261023",
      "_CumRespBest_" : "100",
      "_CumResp_" : "99.4005994006",
      "_DataRole_" : "VALIDATE",
      "_Depth_" : "90",
      "_Event_" : "           1",
      "_GainBest_" : "0.111111111111",
      "_Gain_" : "0.104451104451",
      "_LiftBest_" : "0",
      "_Lift_" : "0.0696078115433",
      "_NEventsBest_" : "0",
      "_NEvents_" : "0.497695852535",
      "_NObs_" : "36",
      "_PartInd_" : "0",
      "_PctRespBest_" : "0",
      "_PctResp_" : "1.38248847926",
      "_RespBest_" : "0",
      "_Resp_" : "0.348039057716",
      "_TargetName_" : "BAD",
      "_Value_" : "0.0700066506081",
      "_formattedPartition_" : "           0"
    },
    "rowNumber" : 19
  }, {
    "dataMap" : {
      "_Column_" : "P_BAD1",
      "_CumLiftBest_" : "1.05263157895",
      "_CumLift_" : "1.04998566798",
      "_CumPctRespBest_" : "20.9064327485",
      "_CumPctResp_" : "20.8538820169",
      "_CumRespBest_" : "100",
      "_CumResp_" : "99.7486384583",
      "_DataRole_" : "VALIDATE",
      "_Depth_" : "95",
      "_Event_" : "           1",
      "_GainBest_" : "0.0526315789474",
      "_Gain_" : "0.0499856679823",
      "_LiftBest_" : "0",
      "_Lift_" : "0.0696078115433",
      "_NEventsBest_" : "0",
      "_NEvents_" : "0.497695852535",
      "_NObs_" : "36",
      "_PartInd_" : "0",
      "_PctRespBest_" : "0",
      "_PctResp_" : "1.38248847926",
      "_RespBest_" : "0",
      "_Resp_" : "0.348039057716",
      "_TargetName_" : "BAD",
      "_Value_" : "0.0700066506081",
      "_formattedPartition_" : "           0"
    },
    "rowNumber" : 20
  }, {
    "dataMap" : {
      "_Column_" : "P_BAD1",
      "_CumLiftBest_" : "1",
      "_CumLift_" : "1",
      "_CumPctRespBest_" : "20.0280112045",
      "_CumPctResp_" : "20.0280112045",
      "_CumRespBest_" : "100",
      "_CumResp_" : "100",
      "_DataRole_" : "VALIDATE",
      "_Depth_" : "100",
      "_Event_" : "           1",
      "_GainBest_" : "0",
      "_Gain_" : "-6.66133814775e-16",
      "_LiftBest_" : "0",
      "_Lift_" : "0.0502723083368",
      "_NEventsBest_" : "0",
      "_NEvents_" : "0.359447004608",
      "_NObs_" : "30",
      "_PartInd_" : "0",
      "_PctRespBest_" : "0",
      "_PctResp_" : "1.19815668203",
      "_RespBest_" : "0",
      "_Resp_" : "0.251361541684",
      "_TargetName_" : "BAD",
      "_Value_" : "0.0691251521087",
      "_formattedPartition_" : "           0"
    },
    "rowNumber" : 21
  }, {
    "dataMap" : {
      "_Column_" : "P_BAD1",
      "_CumRespBest_" : "0",
      "_CumResp_" : "0",
      "_DataRole_" : "TRAIN",
      "_Depth_" : "0",
      "_Event_" : "           1",
      "_NEventsBest_" : "0",
      "_NEvents_" : "0",
      "_NObs_" : "0",
      "_PartInd_" : "1",
      "_RespBest_" : "0",
      "_Resp_" : "0",
      "_TargetName_" : "BAD",
      "_Value_" : "0",
      "_formattedPartition_" : "           1"
    },
    "rowNumber" : 22
  }, {
    "dataMap" : {
      "_Column_" : "P_BAD1",
      "_CumLiftBest_" : "5.05263157895",
      "_CumLift_" : "4.98245614035",
      "_CumPctRespBest_" : "100",
      "_CumPctResp_" : "98.6111111111",
      "_CumRespBest_" : "25.2631578947",
      "_CumResp_" : "24.9122807018",
      "_DataRole_" : "TRAIN",
      "_Depth_" : "5",
      "_Event_" : "           1",
      "_GainBest_" : "4.05263157895",
      "_Gain_" : "3.98245614035",
      "_LiftBest_" : "5.05263157895",
      "_Lift_" : "4.98245614035",
      "_NEventsBest_" : "72",
      "_NEvents_" : "71",
      "_NObs_" : "72",
      "_PartInd_" : "1",
      "_PctRespBest_" : "100",
      "_PctResp_" : "98.6111111111",
      "_RespBest_" : "25.2631578947",
      "_Resp_" : "24.9122807018",
      "_TargetName_" : "BAD",
      "_Value_" : "0.652845628119",
      "_formattedPartition_" : "           1"
    },
    "rowNumber" : 23
  }, {
    "dataMap" : {
      "_Column_" : "P_BAD1",
      "_CumLiftBest_" : "5.05263157895",
      "_CumLift_" : "4.63157894737",
      "_CumPctRespBest_" : "100",
      "_CumPctResp_" : "91.6666666667",
      "_CumRespBest_" : "50.5263157895",
      "_CumResp_" : "46.3157894737",
      "_DataRole_" : "TRAIN",
      "_Depth_" : "10",
      "_Event_" : "           1",
      "_GainBest_" : "4.05263157895",
      "_Gain_" : "3.63157894737",
      "_LiftBest_" : "5.05263157895",
      "_Lift_" : "4.28070175439",
      "_NEventsBest_" : "72",
      "_NEvents_" : "61",
      "_NObs_" : "72",
      "_PartInd_" : "1",
      "_PctRespBest_" : "100",
      "_PctResp_" : "84.7222222222",
      "_RespBest_" : "25.2631578947",
      "_Resp_" : "21.4035087719",
      "_TargetName_" : "BAD",
      "_Value_" : "0.572791141867",
      "_formattedPartition_" : "           1"
    },
    "rowNumber" : 24
  }, {
    "dataMap" : {
      "_Column_" : "P_BAD1",
      "_CumLiftBest_" : "5.05263157895",
      "_CumLift_" : "4.2865497076",
      "_CumPctRespBest_" : "100",
      "_CumPctResp_" : "84.837962963",
      "_CumRespBest_" : "75.7894736842",
      "_CumResp_" : "64.298245614",
      "_DataRole_" : "TRAIN",
      "_Depth_" : "15",
      "_Event_" : "           1",
      "_GainBest_" : "4.05263157895",
      "_Gain_" : "3.2865497076",
      "_LiftBest_" : "5.05263157895",
      "_Lift_" : "3.59649122807",
      "_NEventsBest_" : "72",
      "_NEvents_" : "51.25",
      "_NObs_" : "72",
      "_PartInd_" : "1",
      "_PctRespBest_" : "100",
      "_PctResp_" : "71.1805555556",
      "_RespBest_" : "25.2631578947",
      "_Resp_" : "17.9824561404",
      "_TargetName_" : "BAD",
      "_Value_" : "0.486979153435",
      "_formattedPartition_" : "           1"
    },
    "rowNumber" : 25
  }, {
    "dataMap" : {
      "_Column_" : "P_BAD1",
      "_CumLiftBest_" : "5",
      "_CumLift_" : "3.80701754386",
      "_CumPctRespBest_" : "99.3031358885",
      "_CumPctResp_" : "75.6097560976",
      "_CumRespBest_" : "100",
      "_CumResp_" : "76.1403508772",
      "_DataRole_" : "TRAIN",
      "_Depth_" : "20",
      "_Event_" : "           1",
      "_GainBest_" : "4",
      "_Gain_" : "2.80701754386",
      "_LiftBest_" : "4.84210526316",
      "_Lift_" : "2.36842105263",
      "_NEventsBest_" : "69",
      "_NEvents_" : "33.75",
      "_NObs_" : "71",
      "_PartInd_" : "1",
      "_PctRespBest_" : "97.1830985915",
      "_PctResp_" : "47.5352112676",
      "_RespBest_" : "24.2105263158",
      "_Resp_" : "11.8421052632",
      "_TargetName_" : "BAD",
      "_Value_" : "0.357622076536",
      "_formattedPartition_" : "           1"
    },
    "rowNumber" : 26
  }, {
    "dataMap" : {
      "_Column_" : "P_BAD1",
      "_CumLiftBest_" : "4",
      "_CumLift_" : "3.38245614035",
      "_CumPctRespBest_" : "79.6089385475",
      "_CumPctResp_" : "67.3184357542",
      "_CumRespBest_" : "100",
      "_CumResp_" : "84.5614035088",
      "_DataRole_" : "TRAIN",
      "_Depth_" : "25",
      "_Event_" : "           1",
      "_GainBest_" : "3",
      "_Gain_" : "2.38245614035",
      "_LiftBest_" : "0",
      "_Lift_" : "1.68421052632",
      "_NEventsBest_" : "0",
      "_NEvents_" : "24",
      "_NObs_" : "71",
      "_PartInd_" : "1",
      "_PctRespBest_" : "0",
      "_PctResp_" : "33.8028169014",
      "_RespBest_" : "0",
      "_Resp_" : "8.42105263158",
      "_TargetName_" : "BAD",
      "_Value_" : "0.222194492171",
      "_formattedPartition_" : "           1"
    },
    "rowNumber" : 27
  }, {
    "dataMap" : {
      "_Column_" : "P_BAD1",
      "_CumLiftBest_" : "3.33333333333",
      "_CumLift_" : "3.00584795322",
      "_CumPctRespBest_" : "66.2790697674",
      "_CumPctResp_" : "59.7674418605",
      "_CumRespBest_" : "100",
      "_CumResp_" : "90.1754385965",
      "_DataRole_" : "TRAIN",
      "_Depth_" : "30",
      "_Event_" : "           1",
      "_GainBest_" : "2.33333333333",
      "_Gain_" : "2.00584795322",
      "_LiftBest_" : "0",
      "_Lift_" : "1.12280701754",
      "_NEventsBest_" : "0",
      "_NEvents_" : "16",
      "_NObs_" : "72",
      "_PartInd_" : "1",
      "_PctRespBest_" : "0",
      "_PctResp_" : "22.2222222222",
      "_RespBest_" : "0",
      "_Resp_" : "5.61403508772",
      "_TargetName_" : "BAD",
      "_Value_" : "0.160207995402",
      "_formattedPartition_" : "           1"
    },
    "rowNumber" : 28
  }, {
    "dataMap" : {
      "_Column_" : "P_BAD1",
      "_CumLiftBest_" : "2.85714285714",
      "_CumLift_" : "2.64661654135",
      "_CumPctRespBest_" : "56.7729083665",
      "_CumPctResp_" : "52.5896414343",
      "_CumRespBest_" : "100",
      "_CumResp_" : "92.6315789474",
      "_DataRole_" : "TRAIN",
      "_Depth_" : "35",
      "_Event_" : "           1",
      "_GainBest_" : "1.85714285714",
      "_Gain_" : "1.64661654135",
      "_LiftBest_" : "0",
      "_Lift_" : "0.491228070175",
      "_NEventsBest_" : "0",
      "_NEvents_" : "7",
      "_NObs_" : "72",
      "_PartInd_" : "1",
      "_PctRespBest_" : "0",
      "_PctResp_" : "9.72222222222",
      "_RespBest_" : "0",
      "_Resp_" : "2.45614035088",
      "_TargetName_" : "BAD",
      "_Value_" : "0.12803230934",
      "_formattedPartition_" : "           1"
    },
    "rowNumber" : 29
  }, {
    "dataMap" : {
      "_Column_" : "P_BAD1",
      "_CumLiftBest_" : "2.5",
      "_CumLift_" : "2.34210526316",
      "_CumPctRespBest_" : "49.7382198953",
      "_CumPctResp_" : "46.5968586387",
      "_CumRespBest_" : "100",
      "_CumResp_" : "93.6842105263",
      "_DataRole_" : "TRAIN",
      "_Depth_" : "40",
      "_Event_" : "           1",
      "_GainBest_" : "1.5",
      "_Gain_" : "1.34210526316",
      "_LiftBest_" : "0",
      "_Lift_" : "0.210526315789",
      "_NEventsBest_" : "0",
      "_NEvents_" : "3",
      "_NObs_" : "71",
      "_PartInd_" : "1",
      "_PctRespBest_" : "0",
      "_PctResp_" : "4.22535211268",
      "_RespBest_" : "0",
      "_Resp_" : "1.05263157895",
      "_TargetName_" : "BAD",
      "_Value_" : "0.10909519039",
      "_formattedPartition_" : "           1"
    },
    "rowNumber" : 30
  }, {
    "dataMap" : {
      "_Column_" : "P_BAD1",
      "_CumLiftBest_" : "2.22222222222",
      "_CumLift_" : "2.10526315789",
      "_CumPctRespBest_" : "44.1860465116",
      "_CumPctResp_" : "41.8604651163",
      "_CumRespBest_" : "100",
      "_CumResp_" : "94.7368421053",
      "_DataRole_" : "TRAIN",
      "_Depth_" : "45",
      "_Event_" : "           1",
      "_GainBest_" : "1.22222222222",
      "_Gain_" : "1.10526315789",
      "_LiftBest_" : "0",
      "_Lift_" : "0.210526315789",
      "_NEventsBest_" : "0",
      "_NEvents_" : "3",
      "_NObs_" : "72",
      "_PartInd_" : "1",
      "_PctRespBest_" : "0",
      "_PctResp_" : "4.16666666667",
      "_RespBest_" : "0",
      "_Resp_" : "1.05263157895",
      "_TargetName_" : "BAD",
      "_Value_" : "0.0990264226777",
      "_formattedPartition_" : "           1"
    },
    "rowNumber" : 31
  }, {
    "dataMap" : {
      "_Column_" : "P_BAD1",
      "_CumLiftBest_" : "2",
      "_CumLift_" : "1.90175438596",
      "_CumPctRespBest_" : "39.5833333333",
      "_CumPctResp_" : "37.6388888889",
      "_CumRespBest_" : "100",
      "_CumResp_" : "95.0877192982",
      "_DataRole_" : "TRAIN",
      "_Depth_" : "50",
      "_Event_" : "           1",
      "_GainBest_" : "1",
      "_Gain_" : "0.901754385965",
      "_LiftBest_" : "0",
      "_Lift_" : "0.0701754385965",
      "_NEventsBest_" : "0",
      "_NEvents_" : "1",
      "_NObs_" : "75",
      "_PartInd_" : "1",
      "_PctRespBest_" : "0",
      "_PctResp_" : "1.33333333333",
      "_RespBest_" : "0",
      "_Resp_" : "0.350877192982",
      "_TargetName_" : "BAD",
      "_Value_" : "0.0915823243002",
      "_formattedPartition_" : "           1"
    },
    "rowNumber" : 32
  }, {
    "dataMap" : {
      "_Column_" : "P_BAD1",
      "_CumLiftBest_" : "1.81818181818",
      "_CumLift_" : "1.74545454545",
      "_CumPctRespBest_" : "35.9848484848",
      "_CumPctResp_" : "34.5454545455",
      "_CumRespBest_" : "100",
      "_CumResp_" : "96",
      "_DataRole_" : "TRAIN",
      "_Depth_" : "55",
      "_Event_" : "           1",
      "_GainBest_" : "0.818181818182",
      "_Gain_" : "0.745454545455",
      "_LiftBest_" : "0",
      "_Lift_" : "0.182456140351",
      "_NEventsBest_" : "0",
      "_NEvents_" : "2.6",
      "_NObs_" : "72",
      "_PartInd_" : "1",
      "_PctRespBest_" : "0",
      "_PctResp_" : "3.61111111111",
      "_RespBest_" : "0",
      "_Resp_" : "0.912280701754",
      "_TargetName_" : "BAD",
      "_Value_" : "0.0849618107699",
      "_formattedPartition_" : "           1"
    },
    "rowNumber" : 33
  }, {
    "dataMap" : {
      "_Column_" : "P_BAD1",
      "_CumLiftBest_" : "1.66666666667",
      "_CumLift_" : "1.61957525392",
      "_CumPctRespBest_" : "32.9861111111",
      "_CumPctResp_" : "32.0540935673",
      "_CumRespBest_" : "100",
      "_CumResp_" : "97.1745152355",
      "_DataRole_" : "TRAIN",
      "_Depth_" : "60",
      "_Event_" : "           1",
      "_GainBest_" : "0.666666666667",
      "_Gain_" : "0.619575253924",
      "_LiftBest_" : "0",
      "_Lift_" : "0.234903047091",
      "_NEventsBest_" : "0",
      "_NEvents_" : "3.34736842105",
      "_NObs_" : "72",
      "_PartInd_" : "1",
      "_PctRespBest_" : "0",
      "_PctResp_" : "4.64912280702",
      "_RespBest_" : "0",
      "_Resp_" : "1.17451523546",
      "_TargetName_" : "BAD",
      "_Value_" : "0.0819556964509",
      "_formattedPartition_" : "           1"
    },
    "rowNumber" : 34
  }, {
    "dataMap" : {
      "_Column_" : "P_BAD1",
      "_CumLiftBest_" : "1.53846153846",
      "_CumLift_" : "1.50067476383",
      "_CumPctRespBest_" : "30.4487179487",
      "_CumPctResp_" : "29.7008547009",
      "_CumRespBest_" : "100",
      "_CumResp_" : "97.5438596491",
      "_DataRole_" : "TRAIN",
      "_Depth_" : "65",
      "_Event_" : "           1",
      "_GainBest_" : "0.538461538462",
      "_Gain_" : "0.500674763833",
      "_LiftBest_" : "0",
      "_Lift_" : "0.0738688827331",
      "_NEventsBest_" : "0",
      "_NEvents_" : "1.05263157895",
      "_NObs_" : "72",
      "_PartInd_" : "1",
      "_PctRespBest_" : "0",
      "_PctResp_" : "1.46198830409",
      "_RespBest_" : "0",
      "_Resp_" : "0.369344413666",
      "_TargetName_" : "BAD",
      "_Value_" : "0.0716983288699",
      "_formattedPartition_" : "           1"
    },
    "rowNumber" : 35
  }, {
    "dataMap" : {
      "_Column_" : "P_BAD1",
      "_CumLiftBest_" : "1.42857142857",
      "_CumLift_" : "1.39793233083",
      "_CumPctRespBest_" : "28.2738095238",
      "_CumPctResp_" : "27.6674107143",
      "_CumRespBest_" : "100",
      "_CumResp_" : "97.8552631579",
      "_DataRole_" : "TRAIN",
      "_Depth_" : "70",
      "_Event_" : "           1",
      "_GainBest_" : "0.428571428571",
      "_Gain_" : "0.397932330827",
      "_LiftBest_" : "0",
      "_Lift_" : "0.0622807017544",
      "_NEventsBest_" : "0",
      "_NEvents_" : "0.8875",
      "_NObs_" : "72",
      "_PartInd_" : "1",
      "_PctRespBest_" : "0",
      "_PctResp_" : "1.23263888889",
      "_RespBest_" : "0",
      "_Resp_" : "0.311403508772",
      "_TargetName_" : "BAD",
      "_Value_" : "0.0700066506081",
      "_formattedPartition_" : "           1"
    },
    "rowNumber" : 36
  }, {
    "dataMap" : {
      "_Column_" : "P_BAD1",
      "_CumLiftBest_" : "1.33333333333",
      "_CumLift_" : "1.30894736842",
      "_CumPctRespBest_" : "26.3888888889",
      "_CumPctResp_" : "25.90625",
      "_CumRespBest_" : "100",
      "_CumResp_" : "98.1710526316",
      "_DataRole_" : "TRAIN",
      "_Depth_" : "75",
      "_Event_" : "           1",
      "_GainBest_" : "0.333333333333",
      "_Gain_" : "0.308947368421",
      "_LiftBest_" : "0",
      "_Lift_" : "0.0631578947368",
      "_NEventsBest_" : "0",
      "_NEvents_" : "0.9",
      "_NObs_" : "72",
      "_PartInd_" : "1",
      "_PctRespBest_" : "0",
      "_PctResp_" : "1.25",
      "_RespBest_" : "0",
      "_Resp_" : "0.315789473684",
      "_TargetName_" : "BAD",
      "_Value_" : "0.0700066506081",
      "_formattedPartition_" : "           1"
    },
    "rowNumber" : 37
  }, {
    "dataMap" : {
      "_Column_" : "P_BAD1",
      "_CumLiftBest_" : "1.25",
      "_CumLift_" : "1.23108552632",
      "_CumPctRespBest_" : "24.7395833333",
      "_CumPctResp_" : "24.365234375",
      "_CumRespBest_" : "100",
      "_CumResp_" : "98.4868421053",
      "_DataRole_" : "TRAIN",
      "_Depth_" : "80",
      "_Event_" : "           1",
      "_GainBest_" : "0.25",
      "_Gain_" : "0.231085526316",
      "_LiftBest_" : "0",
      "_Lift_" : "0.0631578947368",
      "_NEventsBest_" : "0",
      "_NEvents_" : "0.9",
      "_NObs_" : "72",
      "_PartInd_" : "1",
      "_PctRespBest_" : "0",
      "_PctResp_" : "1.25",
      "_RespBest_" : "0",
      "_Resp_" : "0.315789473684",
      "_TargetName_" : "BAD",
      "_Value_" : "0.0700066506081",
      "_formattedPartition_" : "           1"
    },
    "rowNumber" : 38
  }, {
    "dataMap" : {
      "_Column_" : "P_BAD1",
      "_CumLiftBest_" : "1.17647058824",
      "_CumLift_" : "1.16238390093",
      "_CumPctRespBest_" : "23.2843137255",
      "_CumPctResp_" : "23.0055147059",
      "_CumRespBest_" : "100",
      "_CumResp_" : "98.8026315789",
      "_DataRole_" : "TRAIN",
      "_Depth_" : "85",
      "_Event_" : "           1",
      "_GainBest_" : "0.176470588235",
      "_Gain_" : "0.162383900929",
      "_LiftBest_" : "0",
      "_Lift_" : "0.0631578947368",
      "_NEventsBest_" : "0",
      "_NEvents_" : "0.9",
      "_NObs_" : "72",
      "_PartInd_" : "1",
      "_PctRespBest_" : "0",
      "_PctResp_" : "1.25",
      "_RespBest_" : "0",
      "_Resp_" : "0.315789473684",
      "_TargetName_" : "BAD",
      "_Value_" : "0.0700066506081",
      "_formattedPartition_" : "           1"
    },
    "rowNumber" : 39
  }, {
    "dataMap" : {
      "_Column_" : "P_BAD1",
      "_CumLiftBest_" : "1.11111111111",
      "_CumLift_" : "1.10131578947",
      "_CumPctRespBest_" : "21.9907407407",
      "_CumPctResp_" : "21.796875",
      "_CumRespBest_" : "100",
      "_CumResp_" : "99.1184210526",
      "_DataRole_" : "TRAIN",
      "_Depth_" : "90",
      "_Event_" : "           1",
      "_GainBest_" : "0.111111111111",
      "_Gain_" : "0.101315789474",
      "_LiftBest_" : "0",
      "_Lift_" : "0.0631578947368",
      "_NEventsBest_" : "0",
      "_NEvents_" : "0.9",
      "_NObs_" : "72",
      "_PartInd_" : "1",
      "_PctRespBest_" : "0",
      "_PctResp_" : "1.25",
      "_RespBest_" : "0",
      "_Resp_" : "0.315789473684",
      "_TargetName_" : "BAD",
      "_Value_" : "0.0700066506081",
      "_formattedPartition_" : "           1"
    },
    "rowNumber" : 40
  }, {
    "dataMap" : {
      "_Column_" : "P_BAD1",
      "_CumLiftBest_" : "1.05263157895",
      "_CumLift_" : "1.04667590028",
      "_CumPctRespBest_" : "20.8333333333",
      "_CumPctResp_" : "20.7154605263",
      "_CumRespBest_" : "100",
      "_CumResp_" : "99.4342105263",
      "_DataRole_" : "TRAIN",
      "_Depth_" : "95",
      "_Event_" : "           1",
      "_GainBest_" : "0.0526315789474",
      "_Gain_" : "0.046675900277",
      "_LiftBest_" : "0",
      "_Lift_" : "0.0631578947368",
      "_NEventsBest_" : "0",
      "_NEvents_" : "0.9",
      "_NObs_" : "72",
      "_PartInd_" : "1",
      "_PctRespBest_" : "0",
      "_PctResp_" : "1.25",
      "_RespBest_" : "0",
      "_Resp_" : "0.315789473684",
      "_TargetName_" : "BAD",
      "_Value_" : "0.0700066506081",
      "_formattedPartition_" : "           1"
    },
    "rowNumber" : 41
  }, {
    "dataMap" : {
      "_Column_" : "P_BAD1",
      "_CumLiftBest_" : "1",
      "_CumLift_" : "1",
      "_CumPctRespBest_" : "19.9579831933",
      "_CumPctResp_" : "19.9579831933",
      "_CumRespBest_" : "100",
      "_CumResp_" : "100",
      "_DataRole_" : "TRAIN",
      "_Depth_" : "100",
      "_Event_" : "           1",
      "_GainBest_" : "0",
      "_Gain_" : "-3.33066907388e-16",
      "_LiftBest_" : "0",
      "_Lift_" : "0.113157894737",
      "_NEventsBest_" : "0",
      "_NEvents_" : "1.6125",
      "_NObs_" : "60",
      "_PartInd_" : "1",
      "_PctRespBest_" : "0",
      "_PctResp_" : "2.6875",
      "_RespBest_" : "0",
      "_Resp_" : "0.565789473684",
      "_TargetName_" : "BAD",
      "_Value_" : "0.0691251521087",
      "_formattedPartition_" : "           1"
    },
    "rowNumber" : 42
  }, {
    "dataMap" : {
      "_Column_" : "P_BAD1",
      "_CumRespBest_" : "0",
      "_CumResp_" : "0",
      "_DataRole_" : "TEST",
      "_Depth_" : "0",
      "_Event_" : "           1",
      "_NEventsBest_" : "0",
      "_NEvents_" : "0",
      "_NObs_" : "0",
      "_PartInd_" : "2",
      "_RespBest_" : "0",
      "_Resp_" : "0",
      "_TargetName_" : "BAD",
      "_Value_" : "0",
      "_formattedPartition_" : "           2"
    },
    "rowNumber" : 43
  }, {
    "dataMap" : {
      "_Column_" : "P_BAD1",
      "_CumLiftBest_" : "5",
      "_CumLift_" : "5",
      "_CumPctRespBest_" : "100",
      "_CumPctResp_" : "100",
      "_CumRespBest_" : "25",
      "_CumResp_" : "25",
      "_DataRole_" : "TEST",
      "_Depth_" : "5",
      "_Event_" : "           1",
      "_GainBest_" : "4",
      "_Gain_" : "4",
      "_LiftBest_" : "5",
      "_Lift_" : "5",
      "_NEventsBest_" : "12",
      "_NEvents_" : "12",
      "_NObs_" : "12",
      "_PartInd_" : "2",
      "_PctRespBest_" : "100",
      "_PctResp_" : "100",
      "_RespBest_" : "25",
      "_Resp_" : "25",
      "_TargetName_" : "BAD",
      "_Value_" : "0.66308126207",
      "_formattedPartition_" : "           2"
    },
    "rowNumber" : 44
  }, {
    "dataMap" : {
      "_Column_" : "P_BAD1",
      "_CumLiftBest_" : "5",
      "_CumLift_" : "4.375",
      "_CumPctRespBest_" : "100",
      "_CumPctResp_" : "87.5",
      "_CumRespBest_" : "50",
      "_CumResp_" : "43.75",
      "_DataRole_" : "TEST",
      "_Depth_" : "10",
      "_Event_" : "           1",
      "_GainBest_" : "4",
      "_Gain_" : "3.375",
      "_LiftBest_" : "5",
      "_Lift_" : "3.75",
      "_NEventsBest_" : "12",
      "_NEvents_" : "9",
      "_NObs_" : "12",
      "_PartInd_" : "2",
      "_PctRespBest_" : "100",
      "_PctResp_" : "75",
      "_RespBest_" : "25",
      "_Resp_" : "18.75",
      "_TargetName_" : "BAD",
      "_Value_" : "0.576557963409",
      "_formattedPartition_" : "           2"
    },
    "rowNumber" : 45
  }, {
    "dataMap" : {
      "_Column_" : "P_BAD1",
      "_CumLiftBest_" : "5",
      "_CumLift_" : "4.16666666667",
      "_CumPctRespBest_" : "100",
      "_CumPctResp_" : "83.3333333333",
      "_CumRespBest_" : "75",
      "_CumResp_" : "62.5",
      "_DataRole_" : "TEST",
      "_Depth_" : "15",
      "_Event_" : "           1",
      "_GainBest_" : "4",
      "_Gain_" : "3.16666666667",
      "_LiftBest_" : "5",
      "_Lift_" : "3.75",
      "_NEventsBest_" : "12",
      "_NEvents_" : "9",
      "_NObs_" : "12",
      "_PartInd_" : "2",
      "_PctRespBest_" : "100",
      "_PctResp_" : "75",
      "_RespBest_" : "25",
      "_Resp_" : "18.75",
      "_TargetName_" : "BAD",
      "_Value_" : "0.494545865107",
      "_formattedPartition_" : "           2"
    },
    "rowNumber" : 46
  }, {
    "dataMap" : {
      "_Column_" : "P_BAD1",
      "_CumLiftBest_" : "5",
      "_CumLift_" : "3.85416666667",
      "_CumPctRespBest_" : "100",
      "_CumPctResp_" : "77.0833333333",
      "_CumRespBest_" : "100",
      "_CumResp_" : "77.0833333333",
      "_DataRole_" : "TEST",
      "_Depth_" : "20",
      "_Event_" : "           1",
      "_GainBest_" : "4",
      "_Gain_" : "2.85416666667",
      "_LiftBest_" : "5",
      "_Lift_" : "2.91666666667",
      "_NEventsBest_" : "12",
      "_NEvents_" : "7",
      "_NObs_" : "12",
      "_PartInd_" : "2",
      "_PctRespBest_" : "100",
      "_PctResp_" : "58.3333333333",
      "_RespBest_" : "25",
      "_Resp_" : "14.5833333333",
      "_TargetName_" : "BAD",
      "_Value_" : "0.389138832483",
      "_formattedPartition_" : "           2"
    },
    "rowNumber" : 47
  }, {
    "dataMap" : {
      "_Column_" : "P_BAD1",
      "_CumLiftBest_" : "4",
      "_CumLift_" : "3.33333333333",
      "_CumPctRespBest_" : "80",
      "_CumPctResp_" : "66.6666666667",
      "_CumRespBest_" : "100",
      "_CumResp_" : "83.3333333333",
      "_DataRole_" : "TEST",
      "_Depth_" : "25",
      "_Event_" : "           1",
      "_GainBest_" : "3",
      "_Gain_" : "2.33333333333",
      "_LiftBest_" : "0",
      "_Lift_" : "1.25",
      "_NEventsBest_" : "0",
      "_NEvents_" : "3",
      "_NObs_" : "12",
      "_PartInd_" : "2",
      "_PctRespBest_" : "0",
      "_PctResp_" : "25",
      "_RespBest_" : "0",
      "_Resp_" : "6.25",
      "_TargetName_" : "BAD",
      "_Value_" : "0.232401303597",
      "_formattedPartition_" : "           2"
    },
    "rowNumber" : 48
  }, {
    "dataMap" : {
      "_Column_" : "P_BAD1",
      "_CumLiftBest_" : "3.33333333333",
      "_CumLift_" : "2.91666666667",
      "_CumPctRespBest_" : "66.6666666667",
      "_CumPctResp_" : "58.3333333333",
      "_CumRespBest_" : "100",
      "_CumResp_" : "87.5",
      "_DataRole_" : "TEST",
      "_Depth_" : "30",
      "_Event_" : "           1",
      "_GainBest_" : "2.33333333333",
      "_Gain_" : "1.91666666667",
      "_LiftBest_" : "0",
      "_Lift_" : "0.833333333333",
      "_NEventsBest_" : "0",
      "_NEvents_" : "2",
      "_NObs_" : "12",
      "_PartInd_" : "2",
      "_PctRespBest_" : "0",
      "_PctResp_" : "16.6666666667",
      "_RespBest_" : "0",
      "_Resp_" : "4.16666666667",
      "_TargetName_" : "BAD",
      "_Value_" : "0.12361983728",
      "_formattedPartition_" : "           2"
    },
    "rowNumber" : 49
  }, {
    "dataMap" : {
      "_Column_" : "P_BAD1",
      "_CumLiftBest_" : "2.85714285714",
      "_CumLift_" : "2.5",
      "_CumPctRespBest_" : "57.1428571429",
      "_CumPctResp_" : "50",
      "_CumRespBest_" : "100",
      "_CumResp_" : "87.5",
      "_DataRole_" : "TEST",
      "_Depth_" : "35",
      "_Event_" : "           1",
      "_GainBest_" : "1.85714285714",
      "_Gain_" : "1.5",
      "_LiftBest_" : "0",
      "_Lift_" : "0",
      "_NEventsBest_" : "0",
      "_NEvents_" : "0",
      "_NObs_" : "12",
      "_PartInd_" : "2",
      "_PctRespBest_" : "0",
      "_PctResp_" : "0",
      "_RespBest_" : "0",
      "_Resp_" : "0",
      "_TargetName_" : "BAD",
      "_Value_" : "0.104475332153",
      "_formattedPartition_" : "           2"
    },
    "rowNumber" : 50
  }, {
    "dataMap" : {
      "_Column_" : "P_BAD1",
      "_CumLiftBest_" : "2.5",
      "_CumLift_" : "2.29166666667",
      "_CumPctRespBest_" : "50",
      "_CumPctResp_" : "45.8333333333",
      "_CumRespBest_" : "100",
      "_CumResp_" : "91.6666666667",
      "_DataRole_" : "TEST",
      "_Depth_" : "40",
      "_Event_" : "           1",
      "_GainBest_" : "1.5",
      "_Gain_" : "1.29166666667",
      "_LiftBest_" : "0",
      "_Lift_" : "0.833333333333",
      "_NEventsBest_" : "0",
      "_NEvents_" : "2",
      "_NObs_" : "12",
      "_PartInd_" : "2",
      "_PctRespBest_" : "0",
      "_PctResp_" : "16.6666666667",
      "_RespBest_" : "0",
      "_Resp_" : "4.16666666667",
      "_TargetName_" : "BAD",
      "_Value_" : "0.0968851264259",
      "_formattedPartition_" : "           2"
    },
    "rowNumber" : 51
  }, {
    "dataMap" : {
      "_Column_" : "P_BAD1",
      "_CumLiftBest_" : "2.22222222222",
      "_CumLift_" : "2.03703703704",
      "_CumPctRespBest_" : "44.4444444444",
      "_CumPctResp_" : "40.7407407407",
      "_CumRespBest_" : "100",
      "_CumResp_" : "91.6666666667",
      "_DataRole_" : "TEST",
      "_Depth_" : "45",
      "_Event_" : "           1",
      "_GainBest_" : "1.22222222222",
      "_Gain_" : "1.03703703704",
      "_LiftBest_" : "0",
      "_Lift_" : "0",
      "_NEventsBest_" : "0",
      "_NEvents_" : "0",
      "_NObs_" : "12",
      "_PartInd_" : "2",
      "_PctRespBest_" : "0",
      "_PctResp_" : "0",
      "_RespBest_" : "0",
      "_Resp_" : "0",
      "_TargetName_" : "BAD",
      "_Value_" : "0.0915823243002",
      "_formattedPartition_" : "           2"
    },
    "rowNumber" : 52
  }, {
    "dataMap" : {
      "_Column_" : "P_BAD1",
      "_CumLiftBest_" : "2",
      "_CumLift_" : "1.875",
      "_CumPctRespBest_" : "40",
      "_CumPctResp_" : "37.5",
      "_CumRespBest_" : "100",
      "_CumResp_" : "93.75",
      "_DataRole_" : "TEST",
      "_Depth_" : "50",
      "_Event_" : "           1",
      "_GainBest_" : "1",
      "_Gain_" : "0.875",
      "_LiftBest_" : "0",
      "_Lift_" : "0.416666666667",
      "_NEventsBest_" : "0",
      "_NEvents_" : "1",
      "_NObs_" : "12",
      "_PartInd_" : "2",
      "_PctRespBest_" : "0",
      "_PctResp_" : "8.33333333333",
      "_RespBest_" : "0",
      "_Resp_" : "2.08333333333",
      "_TargetName_" : "BAD",
      "_Value_" : "0.0867535254851",
      "_formattedPartition_" : "           2"
    },
    "rowNumber" : 53
  }, {
    "dataMap" : {
      "_Column_" : "P_BAD1",
      "_CumLiftBest_" : "1.81818181818",
      "_CumLift_" : "1.70454545455",
      "_CumPctRespBest_" : "36.3636363636",
      "_CumPctResp_" : "34.0909090909",
      "_CumRespBest_" : "100",
      "_CumResp_" : "93.75",
      "_DataRole_" : "TEST",
      "_Depth_" : "55",
      "_Event_" : "           1",
      "_GainBest_" : "0.818181818182",
      "_Gain_" : "0.704545454545",
      "_LiftBest_" : "0",
      "_Lift_" : "0",
      "_NEventsBest_" : "0",
      "_NEvents_" : "0",
      "_NObs_" : "12",
      "_PartInd_" : "2",
      "_PctRespBest_" : "0",
      "_PctResp_" : "0",
      "_RespBest_" : "0",
      "_Resp_" : "0",
      "_TargetName_" : "BAD",
      "_Value_" : "0.0828750797942",
      "_formattedPartition_" : "           2"
    },
    "rowNumber" : 54
  }, {
    "dataMap" : {
      "_Column_" : "P_BAD1",
      "_CumLiftBest_" : "1.66666666667",
      "_CumLift_" : "1.5625",
      "_CumPctRespBest_" : "33.3333333333",
      "_CumPctResp_" : "31.25",
      "_CumRespBest_" : "100",
      "_CumResp_" : "93.75",
      "_DataRole_" : "TEST",
      "_Depth_" : "60",
      "_Event_" : "           1",
      "_GainBest_" : "0.666666666667",
      "_Gain_" : "0.5625",
      "_LiftBest_" : "0",
      "_Lift_" : "0",
      "_NEventsBest_" : "0",
      "_NEvents_" : "0",
      "_NObs_" : "12",
      "_PartInd_" : "2",
      "_PctRespBest_" : "0",
      "_PctResp_" : "0",
      "_RespBest_" : "0",
      "_Resp_" : "0",
      "_TargetName_" : "BAD",
      "_Value_" : "0.0811338257019",
      "_formattedPartition_" : "           2"
    },
    "rowNumber" : 55
  }, {
    "dataMap" : {
      "_Column_" : "P_BAD1",
      "_CumLiftBest_" : "1.53846153846",
      "_CumLift_" : "1.44677996422",
      "_CumPctRespBest_" : "30.7692307692",
      "_CumPctResp_" : "28.9355992844",
      "_CumRespBest_" : "100",
      "_CumResp_" : "94.0406976744",
      "_DataRole_" : "TEST",
      "_Depth_" : "65",
      "_Event_" : "           1",
      "_GainBest_" : "0.538461538462",
      "_Gain_" : "0.446779964222",
      "_LiftBest_" : "0",
      "_Lift_" : "0.0581395348837",
      "_NEventsBest_" : "0",
      "_NEvents_" : "0.139534883721",
      "_NObs_" : "12",
      "_PartInd_" : "2",
      "_PctRespBest_" : "0",
      "_PctResp_" : "1.16279069767",
      "_RespBest_" : "0",
      "_Resp_" : "0.290697674419",
      "_TargetName_" : "BAD",
      "_Value_" : "0.0700066506081",
      "_formattedPartition_" : "           2"
    },
    "rowNumber" : 56
  }, {
    "dataMap" : {
      "_Column_" : "P_BAD1",
      "_CumLiftBest_" : "1.42857142857",
      "_CumLift_" : "1.35174418605",
      "_CumPctRespBest_" : "28.5714285714",
      "_CumPctResp_" : "27.0348837209",
      "_CumRespBest_" : "100",
      "_CumResp_" : "94.6220930233",
      "_DataRole_" : "TEST",
      "_Depth_" : "70",
      "_Event_" : "           1",
      "_GainBest_" : "0.428571428571",
      "_Gain_" : "0.351744186047",
      "_LiftBest_" : "0",
      "_Lift_" : "0.116279069767",
      "_NEventsBest_" : "0",
      "_NEvents_" : "0.279069767442",
      "_NObs_" : "12",
      "_PartInd_" : "2",
      "_PctRespBest_" : "0",
      "_PctResp_" : "2.32558139535",
      "_RespBest_" : "0",
      "_Resp_" : "0.581395348837",
      "_TargetName_" : "BAD",
      "_Value_" : "0.0700066506081",
      "_formattedPartition_" : "           2"
    },
    "rowNumber" : 57
  }, {
    "dataMap" : {
      "_Column_" : "P_BAD1",
      "_CumLiftBest_" : "1.33333333333",
      "_CumLift_" : "1.26937984496",
      "_CumPctRespBest_" : "26.6666666667",
      "_CumPctResp_" : "25.3875968992",
      "_CumRespBest_" : "100",
      "_CumResp_" : "95.2034883721",
      "_DataRole_" : "TEST",
      "_Depth_" : "75",
      "_Event_" : "           1",
      "_GainBest_" : "0.333333333333",
      "_Gain_" : "0.269379844961",
      "_LiftBest_" : "0",
      "_Lift_" : "0.116279069767",
      "_NEventsBest_" : "0",
      "_NEvents_" : "0.279069767442",
      "_NObs_" : "12",
      "_PartInd_" : "2",
      "_PctRespBest_" : "0",
      "_PctResp_" : "2.32558139535",
      "_RespBest_" : "0",
      "_Resp_" : "0.581395348837",
      "_TargetName_" : "BAD",
      "_Value_" : "0.0700066506081",
      "_formattedPartition_" : "           2"
    },
    "rowNumber" : 58
  }, {
    "dataMap" : {
      "_Column_" : "P_BAD1",
      "_CumLiftBest_" : "1.25",
      "_CumLift_" : "1.19731104651",
      "_CumPctRespBest_" : "25",
      "_CumPctResp_" : "23.9462209302",
      "_CumRespBest_" : "100",
      "_CumResp_" : "95.7848837209",
      "_DataRole_" : "TEST",
      "_Depth_" : "80",
      "_Event_" : "           1",
      "_GainBest_" : "0.25",
      "_Gain_" : "0.197311046512",
      "_LiftBest_" : "0",
      "_Lift_" : "0.116279069767",
      "_NEventsBest_" : "0",
      "_NEvents_" : "0.279069767442",
      "_NObs_" : "12",
      "_PartInd_" : "2",
      "_PctRespBest_" : "0",
      "_PctResp_" : "2.32558139535",
      "_RespBest_" : "0",
      "_Resp_" : "0.581395348837",
      "_TargetName_" : "BAD",
      "_Value_" : "0.0700066506081",
      "_formattedPartition_" : "           2"
    },
    "rowNumber" : 59
  }, {
    "dataMap" : {
      "_Column_" : "P_BAD1",
      "_CumLiftBest_" : "1.17647058824",
      "_CumLift_" : "1.13372093023",
      "_CumPctRespBest_" : "23.5294117647",
      "_CumPctResp_" : "22.6744186047",
      "_CumRespBest_" : "100",
      "_CumResp_" : "96.3662790698",
      "_DataRole_" : "TEST",
      "_Depth_" : "85",
      "_Event_" : "           1",
      "_GainBest_" : "0.176470588235",
      "_Gain_" : "0.133720930233",
      "_LiftBest_" : "0",
      "_Lift_" : "0.116279069767",
      "_NEventsBest_" : "0",
      "_NEvents_" : "0.279069767442",
      "_NObs_" : "12",
      "_PartInd_" : "2",
      "_PctRespBest_" : "0",
      "_PctResp_" : "2.32558139535",
      "_RespBest_" : "0",
      "_Resp_" : "0.581395348837",
      "_TargetName_" : "BAD",
      "_Value_" : "0.0700066506081",
      "_formattedPartition_" : "           2"
    },
    "rowNumber" : 60
  }, {
    "dataMap" : {
      "_Column_" : "P_BAD1",
      "_CumLiftBest_" : "1.11111111111",
      "_CumLift_" : "1.07719638243",
      "_CumPctRespBest_" : "22.2222222222",
      "_CumPctResp_" : "21.5439276486",
      "_CumRespBest_" : "100",
      "_CumResp_" : "96.9476744186",
      "_DataRole_" : "TEST",
      "_Depth_" : "90",
      "_Event_" : "           1",
      "_GainBest_" : "0.111111111111",
      "_Gain_" : "0.0771963824289",
      "_LiftBest_" : "0",
      "_Lift_" : "0.116279069767",
      "_NEventsBest_" : "0",
      "_NEvents_" : "0.279069767442",
      "_NObs_" : "12",
      "_PartInd_" : "2",
      "_PctRespBest_" : "0",
      "_PctResp_" : "2.32558139535",
      "_RespBest_" : "0",
      "_Resp_" : "0.581395348837",
      "_TargetName_" : "BAD",
      "_Value_" : "0.0700066506081",
      "_formattedPartition_" : "           2"
    },
    "rowNumber" : 61
  }, {
    "dataMap" : {
      "_Column_" : "P_BAD1",
      "_CumLiftBest_" : "1.05263157895",
      "_CumLift_" : "1.02662178703",
      "_CumPctRespBest_" : "21.0526315789",
      "_CumPctResp_" : "20.5324357405",
      "_CumRespBest_" : "100",
      "_CumResp_" : "97.5290697674",
      "_DataRole_" : "TEST",
      "_Depth_" : "95",
      "_Event_" : "           1",
      "_GainBest_" : "0.0526315789474",
      "_Gain_" : "0.0266217870257",
      "_LiftBest_" : "0",
      "_Lift_" : "0.116279069767",
      "_NEventsBest_" : "0",
      "_NEvents_" : "0.279069767442",
      "_NObs_" : "12",
      "_PartInd_" : "2",
      "_PctRespBest_" : "0",
      "_PctResp_" : "2.32558139535",
      "_RespBest_" : "0",
      "_Resp_" : "0.581395348837",
      "_TargetName_" : "BAD",
      "_Value_" : "0.0700066506081",
      "_formattedPartition_" : "           2"
    },
    "rowNumber" : 62
  }, {
    "dataMap" : {
      "_Column_" : "P_BAD1",
      "_CumLiftBest_" : "1",
      "_CumLift_" : "1",
      "_CumPctRespBest_" : "20.0836820084",
      "_CumPctResp_" : "20.0836820084",
      "_CumRespBest_" : "100",
      "_CumResp_" : "100",
      "_DataRole_" : "TEST",
      "_Depth_" : "100",
      "_Event_" : "           1",
      "_GainBest_" : "0",
      "_Gain_" : "0",
      "_LiftBest_" : "0",
      "_Lift_" : "0.494186046512",
      "_NEventsBest_" : "0",
      "_NEvents_" : "1.18604651163",
      "_NObs_" : "11",
      "_PartInd_" : "2",
      "_PctRespBest_" : "0",
      "_PctResp_" : "10.7822410148",
      "_RespBest_" : "0",
      "_Resp_" : "2.47093023256",
      "_TargetName_" : "BAD",
      "_Value_" : "0.0691251521087",
      "_formattedPartition_" : "           2"
    },
    "rowNumber" : 63
  } ],
  "xInteger" : false,
  "yInteger" : false
}