{
  "creationTimeStamp" : "0001-01-01T00:00:00Z",
  "modifiedTimeStamp" : "0001-01-01T00:00:00Z",
  "revision" : 0,
  "name" : "dmcas_relativeimportance",
  "version" : 0,
  "order" : 0,
  "parameterMap" : {
    "LABEL" : {
      "label" : "Variable Label",
      "length" : 256,
      "order" : 1,
      "parameter" : "LABEL",
      "preformatted" : false,
      "type" : "char",
      "values" : [ "LABEL" ]
    },
    "LEVEL" : {
      "label" : "Variable Level",
      "length" : 10,
      "order" : 5,
      "parameter" : "LEVEL",
      "preformatted" : false,
      "type" : "char",
      "values" : [ "LEVEL" ]
    },
    "ROLE" : {
      "label" : "Role",
      "length" : 32,
      "order" : 4,
      "parameter" : "ROLE",
      "preformatted" : false,
      "type" : "char",
      "values" : [ "ROLE" ]
    },
    "RelativeImportance" : {
      "label" : "Relative Importance",
      "length" : 8,
      "order" : 3,
      "parameter" : "RelativeImportance",
      "preformatted" : false,
      "type" : "num",
      "values" : [ "RelativeImportance" ]
    },
    "Variable" : {
      "label" : "Variable Name",
      "length" : 255,
      "order" : 2,
      "parameter" : "Variable",
      "preformatted" : false,
      "type" : "char",
      "values" : [ "Variable" ]
    }
  },
  "data" : [ {
    "dataMap" : {
      "LABEL" : "",
      "LEVEL" : "INTERVAL",
      "ROLE" : "INPUT",
      "RelativeImportance" : "1",
      "Variable" : "DEBTINC"
    },
    "rowNumber" : 1
  }, {
    "dataMap" : {
      "LABEL" : "",
      "LEVEL" : "NOMINAL",
      "ROLE" : "INPUT",
      "RelativeImportance" : "0.252715980228",
      "Variable" : "DELINQ"
    },
    "rowNumber" : 2
  }, {
    "dataMap" : {
      "LABEL" : "",
      "LEVEL" : "NOMINAL",
      "ROLE" : "INPUT",
      "RelativeImportance" : "0.158648880304",
      "Variable" : "DEROG"
    },
    "rowNumber" : 3
  }, {
    "dataMap" : {
      "LABEL" : "",
      "LEVEL" : "INTERVAL",
      "ROLE" : "INPUT",
      "RelativeImportance" : "0.141706063417",
      "Variable" : "VALUE"
    },
    "rowNumber" : 4
  }, {
    "dataMap" : {
      "LABEL" : "",
      "LEVEL" : "INTERVAL",
      "ROLE" : "INPUT",
      "RelativeImportance" : "0.12261319472",
      "Variable" : "LOAN"
    },
    "rowNumber" : 5
  }, {
    "dataMap" : {
      "LABEL" : "",
      "LEVEL" : "INTERVAL",
      "ROLE" : "INPUT",
      "RelativeImportance" : "0.109361676501",
      "Variable" : "CLAGE"
    },
    "rowNumber" : 6
  }, {
    "dataMap" : {
      "LABEL" : "",
      "LEVEL" : "INTERVAL",
      "ROLE" : "INPUT",
      "RelativeImportance" : "0.0819766178957",
      "Variable" : "CLNO"
    },
    "rowNumber" : 7
  }, {
    "dataMap" : {
      "LABEL" : "",
      "LEVEL" : "INTERVAL",
      "ROLE" : "INPUT",
      "RelativeImportance" : "0.0806518802761",
      "Variable" : "YOJ"
    },
    "rowNumber" : 8
  }, {
    "dataMap" : {
      "LABEL" : "",
      "LEVEL" : "INTERVAL",
      "ROLE" : "INPUT",
      "RelativeImportance" : "0.0637192118892",
      "Variable" : "MORTDUE"
    },
    "rowNumber" : 9
  }, {
    "dataMap" : {
      "LABEL" : "",
      "LEVEL" : "NOMINAL",
      "ROLE" : "INPUT",
      "RelativeImportance" : "0.0619448534834",
      "Variable" : "NINQ"
    },
    "rowNumber" : 10
  }, {
    "dataMap" : {
      "LABEL" : "",
      "LEVEL" : "NOMINAL",
      "ROLE" : "INPUT",
      "RelativeImportance" : "0.0204891959941",
      "Variable" : "JOB"
    },
    "rowNumber" : 11
  }, {
    "dataMap" : {
      "LABEL" : "",
      "LEVEL" : "BINARY",
      "ROLE" : "INPUT",
      "RelativeImportance" : "0.00280768956493",
      "Variable" : "REASON"
    },
    "rowNumber" : 12
  } ],
  "xInteger" : false,
  "yInteger" : false
}