{
  "creationTimeStamp" : "0001-01-01T00:00:00Z",
  "modifiedTimeStamp" : "0001-01-01T00:00:00Z",
  "revision" : 0,
  "name" : "dmcas_fitstat",
  "version" : 0,
  "order" : 0,
  "parameterMap" : {
    "_ASE_" : {
      "label" : "Average Squared Error",
      "length" : 8,
      "order" : 6,
      "parameter" : "_ASE_",
      "preformatted" : false,
      "type" : "num",
      "values" : [ "_ASE_" ]
    },
    "_C_" : {
      "label" : "Area Under ROC",
      "length" : 8,
      "order" : 12,
      "parameter" : "_C_",
      "preformatted" : false,
      "type" : "num",
      "values" : [ "_C_" ]
    },
    "_DIV_" : {
      "label" : "Divisor for ASE",
      "length" : 8,
      "order" : 7,
      "parameter" : "_DIV_",
      "preformatted" : false,
      "type" : "num",
      "values" : [ "_DIV_" ]
    },
    "_DataRole_" : {
      "label" : "Data Role",
      "length" : 10,
      "order" : 2,
      "parameter" : "_DataRole_",
      "preformatted" : false,
      "type" : "char",
      "values" : [ "_DataRole_" ]
    },
    "_GAMMA_" : {
      "label" : "Gamma",
      "length" : 8,
      "order" : 14,
      "parameter" : "_GAMMA_",
      "preformatted" : false,
      "type" : "num",
      "values" : [ "_GAMMA_" ]
    },
    "_GINI_" : {
      "label" : "Gini Coefficient",
      "length" : 8,
      "order" : 13,
      "parameter" : "_GINI_",
      "preformatted" : false,
      "type" : "num",
      "values" : [ "_GINI_" ]
    },
    "_KSCut_" : {
      "label" : "KS Cutoff",
      "length" : 8,
      "order" : 16,
      "parameter" : "_KSCut_",
      "preformatted" : false,
      "type" : "num",
      "values" : [ "_KSCut_" ]
    },
    "_KSPostCutoff_" : {
      "label" : "KS at User-Specified Cutoff",
      "length" : 8,
      "order" : 17,
      "parameter" : "_KSPostCutoff_",
      "preformatted" : false,
      "type" : "num",
      "values" : [ "_KSPostCutoff_" ]
    },
    "_KS_" : {
      "label" : "KS (Youden)",
      "length" : 8,
      "order" : 11,
      "parameter" : "_KS_",
      "preformatted" : false,
      "type" : "num",
      "values" : [ "_KS_" ]
    },
    "_MCE_" : {
      "label" : "Misclassification Rate",
      "length" : 8,
      "order" : 9,
      "parameter" : "_MCE_",
      "preformatted" : false,
      "type" : "num",
      "values" : [ "_MCE_" ]
    },
    "_MCLL_" : {
      "label" : "Multi-Class Log Loss",
      "length" : 8,
      "order" : 10,
      "parameter" : "_MCLL_",
      "preformatted" : false,
      "type" : "num",
      "values" : [ "_MCLL_" ]
    },
    "_NObs_" : {
      "label" : "Sum of Frequencies",
      "length" : 8,
      "order" : 5,
      "parameter" : "_NObs_",
      "preformatted" : false,
      "type" : "num",
      "values" : [ "_NObs_" ]
    },
    "_PartInd_" : {
      "label" : "Partition Indicator",
      "length" : 8,
      "order" : 3,
      "parameter" : "_PartInd_",
      "preformatted" : false,
      "type" : "num",
      "values" : [ "_PartInd_" ]
    },
    "_RASE_" : {
      "label" : "Root Average Squared Error",
      "length" : 8,
      "order" : 8,
      "parameter" : "_RASE_",
      "preformatted" : false,
      "type" : "num",
      "values" : [ "_RASE_" ]
    },
    "_TAU_" : {
      "label" : "Tau",
      "length" : 8,
      "order" : 15,
      "parameter" : "_TAU_",
      "preformatted" : false,
      "type" : "num",
      "values" : [ "_TAU_" ]
    },
    "_TargetName_" : {
      "label" : "Target Name",
      "length" : 3,
      "order" : 1,
      "parameter" : "_TargetName_",
      "preformatted" : false,
      "type" : "char",
      "values" : [ "_TargetName_" ]
    },
    "_formattedPartition_" : {
      "label" : "Formatted Partition",
      "length" : 12,
      "order" : 4,
      "parameter" : "_formattedPartition_",
      "preformatted" : false,
      "type" : "char",
      "values" : [ "_formattedPartition_" ]
    },
    "_miscEvent_" : {
      "label" : "Misclassification Rate (Event)",
      "length" : 8,
      "order" : 19,
      "parameter" : "_miscEvent_",
      "preformatted" : false,
      "type" : "num",
      "values" : [ "_miscEvent_" ]
    },
    "_miscKs_" : {
      "label" : "Misclassification Rate at KS Cutoff (Event)",
      "length" : 8,
      "order" : 18,
      "parameter" : "_miscKs_",
      "preformatted" : false,
      "type" : "num",
      "values" : [ "_miscKs_" ]
    }
  },
  "data" : [ {
    "dataMap" : {
      "_ASE_" : "0.0808648301699",
      "_C_" : "0.909740401396",
      "_DIV_" : "239",
      "_DataRole_" : "TEST",
      "_GAMMA_" : "0.840850587577",
      "_GINI_" : "0.819480802792",
      "_KSCut_" : "0.27",
      "_KSPostCutoff_" : "0.5935863874",
      "_KS_" : "0.749563699825",
      "_MCE_" : "0.100418410042",
      "_MCLL_" : "0.284823911967",
      "_NObs_" : "239",
      "_PartInd_" : "2",
      "_RASE_" : "0.284367421077",
      "_TAU_" : "0.264160894483",
      "_TargetName_" : "BAD",
      "_formattedPartition_" : "           2",
      "_miscEvent_" : "0.10041841",
      "_miscKs_" : "0.10041841"
    },
    "rowNumber" : 1
  }, {
    "dataMap" : {
      "_ASE_" : "0.0794211181867",
      "_C_" : "0.935032463047",
      "_DIV_" : "1428",
      "_DataRole_" : "TRAIN",
      "_GAMMA_" : "0.884689577676",
      "_GINI_" : "0.870064926095",
      "_KSCut_" : "0.2",
      "_KSPostCutoff_" : "0.594796703",
      "_KS_" : "0.754689874292",
      "_MCE_" : "0.0945378151261",
      "_MCLL_" : "0.279402624718",
      "_NObs_" : "1428",
      "_PartInd_" : "1",
      "_RASE_" : "0.281817526401",
      "_TAU_" : "0.278176582476",
      "_TargetName_" : "BAD",
      "_formattedPartition_" : "           1",
      "_miscEvent_" : "0.0945378151",
      "_miscKs_" : "0.1183473389"
    },
    "rowNumber" : 2
  }, {
    "dataMap" : {
      "_ASE_" : "0.100065070263",
      "_C_" : "0.891871700979",
      "_DIV_" : "714",
      "_DataRole_" : "VALIDATE",
      "_GAMMA_" : "0.803260992356",
      "_GINI_" : "0.783743401957",
      "_KSCut_" : "0.17",
      "_KSPostCutoff_" : "0.4492302794",
      "_KS_" : "0.657085471446",
      "_MCE_" : "0.134453781513",
      "_MCLL_" : "0.332160532147",
      "_NObs_" : "714",
      "_PartInd_" : "0",
      "_RASE_" : "0.316330634405",
      "_TAU_" : "0.251413328305",
      "_TargetName_" : "BAD",
      "_formattedPartition_" : "           0",
      "_miscEvent_" : "0.1344537815",
      "_miscKs_" : "0.1568627451"
    },
    "rowNumber" : 3
  } ],
  "xInteger" : false,
  "yInteger" : false
}