{
  "custom properties": [],
  "externalUrl": "",
  "predictionVariable": "",
  "modelVersionName": "3.0",
  "trainTable": "/dataTables/dataSources/cas~fs~cas-shared-default~fs~Public/tables/HMEQ",
  "trainCodeType": "",
  "description": "",
  "tool": "Model Studio",
  "toolVersion": "V2021.1.6",
  "targetVariable": "BAD",
  "scoreCodeType": "ds2MultiType",
  "externalModelId": "f8bd01e2-5789-41e7-9840-c0d9f2c66e69",
  "createdBy": "edmdev",
  "function": "classification",
  "eventProbVar": "P_BAD1",
  "modeler": "edmdev",
  "name": "Gradient Boosting (Pipeline 1)",
  "modifiedTimeStamp": "2021-10-19T22:32:10 UTC",
  "modifiedBy": "edmdev",
  "id": "5c7e0fb9-306f-48fa-acb4-afff6082f41f",
  "creationTimeStamp": "2021-10-19T22:09:59 UTC",
  "targetEvent": "1",
  "targetLevel": "BINARY",
  "algorithm": "gradboost"
}
